employee_id,department,job_title,date_joined,employment_status
EMP001,Sales,Sales Analyst,2023-07-19,Active
EMP002,IT,QA Analyst,2021-06-29,Active
EMP003,Marketing,Marketing Analyst,2024-08-17,Active
EMP004,IT,Software Developer,2023-09-11,Active
EMP005,Finance,Financial Analyst,2025-05-09,Active
EMP006,Marketing,Marketing Analyst,2024-03-27,Active
EMP007,Sales,Sales Executive,2019-04-20,Active
EMP008,Sales,Sales Executive,2019-12-13,Active
EMP009,Operations,Coordinator,2024-12-22,Active
EMP010,Finance,Financial Analyst,2023-03-19,Active
EMP011,Marketing,Content Specialist,2019-09-22,Active
EMP012,Finance,Finance Executive,2021-09-22,Active
EMP013,Operations,Coordinator,2022-02-14,Active
EMP014,Operations,Operations Executive,2025-02-09,Active
EMP015,HR,HR Analyst,2025-12-09,Active
EMP016,IT,IT Support Analyst,2020-11-04,Active
EMP017,Marketing,Content Specialist,2025-03-24,Active
EMP018,Operations,Operations Executive,2022-02-08,Active
EMP019,IT,Software Developer,2021-01-08,Active
EMP020,Sales,Account Manager,2019-06-14,Active
EMP021,IT,QA Analyst,2025-06-05,Active
EMP022,Marketing,Marketing Analyst,2021-12-23,Active
EMP023,Finance,Accountant,2024-12-08,Active
EMP024,IT,IT Support Analyst,2021-02-21,Active
EMP025,IT,IT Support Analyst,2021-12-18,Active
EMP026,HR,HR Executive,2019-10-01,Active
EMP027,Marketing,Content Specialist,2025-12-04,Active
EMP028,Sales,Account Manager,2024-03-03,Active
EMP029,Marketing,Marketing Analyst,2024-05-13,Active
EMP030,Finance,Accountant,2025-03-07,Active
EMP031,Marketing,Marketing Executive,2020-01-06,Active
EMP032,Marketing,Content Specialist,2020-11-13,Active
EMP033,Sales,Sales Analyst,2023-08-17,Active
EMP034,Finance,Accountant,2019-07-01,Active
EMP035,Finance,Accountant,2025-10-17,Active
EMP036,Marketing,Marketing Executive,2019-02-23,Active
EMP037,IT,QA Analyst,2021-05-30,Active
EMP038,Finance,Accountant,2019-12-08,Active
EMP039,Sales,Sales Analyst,2023-03-25,Active
EMP040,Sales,Account Manager,2020-06-28,Active
EMP041,Marketing,Marketing Analyst,2025-07-05,Active
EMP042,Finance,Financial Analyst,2025-08-25,Active
EMP043,Marketing,Content Specialist,2023-02-21,Active
EMP044,Finance,Accountant,2020-04-12,Active
EMP045,Finance,Financial Analyst,2024-04-11,Active
EMP046,Operations,Coordinator,2020-11-29,Active
EMP047,Operations,Operations Analyst,2025-12-12,Active
EMP048,HR,HR Executive,2023-06-12,Active
EMP049,Finance,Accountant,2020-05-10,Active
EMP050,Operations,Operations Executive,2025-08-02,Active
EMP051,Sales,Sales Analyst,2024-06-15,Active
EMP052,HR,HR Analyst,2023-01-28,Active
EMP053,Finance,Financial Analyst,2023-05-29,Active
EMP054,Finance,Finance Executive,2024-06-27,Active
EMP055,HR,HR Executive,2022-10-02,Active
EMP056,Finance,Financial Analyst,2022-12-03,Active
EMP057,Finance,Finance Executive,2024-09-20,Active
EMP058,Finance,Financial Analyst,2021-05-19,Active
EMP059,Finance,Accountant,2024-12-11,Active
EMP060,HR,Recruiter,2023-11-26,Active
EMP061,Operations,Operations Executive,2022-09-20,Active
EMP062,Sales,Sales Analyst,2023-10-29,Active
EMP063,IT,QA Analyst,2025-07-10,Active
EMP064,Operations,Operations Analyst,2025-06-01,Active
EMP065,HR,HR Executive,2021-01-22,Active
EMP066,Sales,Sales Analyst,2025-07-14,Active
EMP067,Operations,Operations Analyst,2024-12-10,Active
EMP068,Finance,Accountant,2024-02-24,Active
EMP069,Operations,Operations Analyst,2020-12-16,Active
EMP070,IT,QA Analyst,2020-08-22,Active
EMP071,Finance,Accountant,2019-09-30,Active
EMP072,Finance,Accountant,2024-06-03,Active
EMP073,Marketing,Content Specialist,2020-10-22,Active
EMP074,Operations,Operations Executive,2024-01-22,Active
EMP075,Operations,Operations Analyst,2019-11-08,Active
EMP076,Sales,Sales Analyst,2023-08-24,Active
EMP077,Sales,Sales Analyst,2019-09-10,Active
EMP078,Marketing,Marketing Executive,2023-05-02,Active
EMP079,HR,HR Executive,2025-07-01,Active
EMP080,Finance,Finance Executive,2024-05-07,Active
EMP081,Operations,Coordinator,2023-08-30,Active
EMP082,Operations,Operations Executive,2024-10-27,Active
EMP083,Marketing,Marketing Analyst,2026-01-02,Active
EMP084,Finance,Financial Analyst,2020-07-01,Active
EMP085,HR,Recruiter,2024-09-03,Active
EMP086,Operations,Operations Analyst,2023-06-16,Active
EMP087,IT,QA Analyst,2025-12-06,Active
EMP088,Marketing,Marketing Executive,2020-08-21,Active
EMP089,Finance,Finance Executive,2024-08-24,Active
EMP090,Marketing,Content Specialist,2023-09-11,Active
EMP091,HR,HR Executive,2022-11-02,Active
EMP092,Sales,Sales Executive,2023-09-29,Active
EMP093,Marketing,Marketing Analyst,2021-01-09,Active
EMP094,Sales,Account Manager,2021-03-12,Active
EMP095,HR,HR Analyst,2024-07-16,Active
EMP096,Sales,Sales Analyst,2021-05-23,Active
EMP097,Operations,Coordinator,2020-01-24,Active
EMP098,Finance,Financial Analyst,2020-02-26,Active
EMP099,Sales,Account Manager,2025-01-23,Active
EMP100,Finance,Accountant,2022-11-29,Active
EMP101,IT,QA Analyst,2024-10-19,Active
EMP102,Sales,Account Manager,2024-09-08,Active
EMP103,Operations,Operations Analyst,2020-04-04,Active
EMP104,IT,Software Developer,2025-05-03,Active
EMP105,Operations,Operations Analyst,2020-11-22,Active
EMP106,HR,HR Executive,2020-08-14,Active
EMP107,Finance,Finance Executive,2023-07-30,Active
EMP108,Operations,Coordinator,2021-07-25,Active
EMP109,Sales,Sales Analyst,2021-02-22,Active
EMP110,IT,Software Developer,2019-08-19,Active
EMP111,IT,Software Developer,2020-05-07,Active
EMP112,Marketing,Content Specialist,2022-06-23,Active
EMP113,Marketing,Content Specialist,2025-08-23,Active
EMP114,HR,HR Analyst,2021-11-15,Active
EMP115,Sales,Sales Executive,2024-09-27,Active
EMP116,Operations,Operations Executive,2025-08-17,Active
EMP117,Marketing,Content Specialist,2020-11-29,Active
EMP118,HR,HR Executive,2021-09-06,Active
EMP119,Sales,Account Manager,2024-06-06,Active
EMP120,Marketing,Marketing Analyst,2020-03-18,Active
EMP121,Operations,Operations Executive,2023-12-24,Active
EMP122,Finance,Financial Analyst,2025-10-21,Active
EMP123,Operations,Operations Executive,2019-09-04,Active
EMP124,Operations,Coordinator,2021-03-13,Active
EMP125,IT,QA Analyst,2020-12-07,Active
EMP126,IT,Software Developer,2026-01-22,Active
EMP127,Operations,Coordinator,2025-09-26,Active
EMP128,Operations,Operations Analyst,2022-04-04,Active
EMP129,Finance,Accountant,2021-03-12,Active
EMP130,Operations,Operations Executive,2022-03-15,Active
EMP131,Marketing,Marketing Analyst,2019-01-30,Active
EMP132,HR,Recruiter,2025-09-16,Active
EMP133,Sales,Sales Analyst,2022-05-02,Active
EMP134,Operations,Operations Executive,2025-02-01,Active
EMP135,IT,QA Analyst,2024-08-04,Active
EMP136,Finance,Financial Analyst,2020-12-13,Active
EMP137,Sales,Sales Analyst,2021-03-15,Active
EMP138,Finance,Financial Analyst,2025-09-28,Active
EMP139,Finance,Finance Executive,2021-11-11,Active
EMP140,Finance,Accountant,2022-06-16,Active
EMP141,Sales,Sales Executive,2025-05-29,Active
EMP142,Finance,Finance Executive,2025-06-14,Active
EMP143,IT,QA Analyst,2019-07-07,Active
EMP144,Operations,Operations Analyst,2025-02-15,Active
EMP145,IT,Software Developer,2024-01-31,Active
EMP146,HR,HR Analyst,2025-12-18,Active
EMP147,Operations,Operations Executive,2024-04-18,Active
EMP148,Operations,Operations Executive,2019-07-25,Active
EMP149,HR,HR Analyst,2020-07-11,Active
EMP150,Sales,Sales Analyst,2026-01-16,Active
EMP151,Marketing,Marketing Executive,2025-03-01,Active
EMP152,Finance,Financial Analyst,2024-07-17,Active
EMP153,Finance,Financial Analyst,2019-04-28,Active
EMP154,IT,QA Analyst,2024-02-29,Active
EMP155,Operations,Operations Analyst,2020-07-21,Active
EMP156,Sales,Sales Analyst,2021-11-03,Active
EMP157,HR,HR Executive,2026-02-07,Active
EMP158,HR,Recruiter,2020-05-03,Active
EMP159,Marketing,Content Specialist,2023-06-04,Active
EMP160,IT,IT Support Analyst,2025-12-24,Active
EMP161,Marketing,Marketing Analyst,2020-03-16,Active
EMP162,IT,QA Analyst,2019-09-14,Active
EMP163,Finance,Finance Executive,2024-08-04,Active
EMP164,HR,HR Executive,2021-10-27,Active
EMP165,IT,Software Developer,2025-09-12,Active
EMP166,Operations,Operations Analyst,2024-12-23,Active
EMP167,Finance,Accountant,2025-12-24,Active
EMP168,Operations,Coordinator,2020-01-19,Active
EMP169,IT,IT Support Analyst,2023-12-08,Active
EMP170,Operations,Operations Analyst,2021-07-04,Active
EMP171,Marketing,Marketing Analyst,2020-07-07,Active
EMP172,HR,HR Executive,2022-07-20,Active
EMP173,Operations,Coordinator,2023-10-11,Active
EMP174,IT,Software Developer,2020-03-13,Active
EMP175,Operations,Operations Executive,2024-10-24,Active
EMP176,Sales,Sales Executive,2020-01-31,Active
EMP177,IT,IT Support Analyst,2022-10-28,Active
EMP178,Marketing,Marketing Analyst,2020-09-05,Active
EMP179,HR,Recruiter,2019-05-21,Active
EMP180,IT,QA Analyst,2022-02-10,Active
EMP181,Operations,Operations Analyst,2021-11-26,Active
EMP182,Sales,Sales Analyst,2026-01-04,Active
EMP183,Operations,Operations Executive,2024-01-12,Active
EMP184,HR,HR Executive,2023-11-21,Active
EMP185,IT,QA Analyst,2020-11-26,Active
EMP186,Sales,Sales Analyst,2019-01-29,Active
EMP187,IT,QA Analyst,2022-03-17,Active
EMP188,Finance,Accountant,2022-07-15,Active
EMP189,IT,QA Analyst,2023-08-30,Active
EMP190,Operations,Coordinator,2024-07-01,Active
EMP191,Sales,Sales Analyst,2023-12-24,Active
EMP192,Sales,Account Manager,2021-07-15,Active
EMP193,Operations,Operations Analyst,2024-02-05,Active
EMP194,IT,Software Developer,2019-11-15,Active
EMP195,Marketing,Marketing Executive,2025-11-29,Active
EMP196,Marketing,Marketing Executive,2021-06-04,Active
EMP197,HR,HR Analyst,2023-09-13,Active
EMP198,Sales,Sales Executive,2025-12-25,Active
EMP199,Operations,Coordinator,2020-10-29,Active
EMP200,IT,IT Support Analyst,2024-11-01,Active
EMP201,HR,HR Analyst,2023-10-06,Active
EMP202,Operations,Coordinator,2025-09-28,Active
EMP203,Marketing,Marketing Analyst,2025-07-30,Active
EMP204,HR,Recruiter,2025-12-25,Active
EMP205,Marketing,Marketing Analyst,2021-10-18,Active
EMP206,Sales,Sales Executive,2019-10-20,Active
EMP207,IT,QA Analyst,2020-07-19,Active
EMP208,HR,HR Executive,2019-07-24,Active
EMP209,Marketing,Content Specialist,2025-10-04,Active
EMP210,Operations,Operations Analyst,2022-06-03,Active
EMP211,IT,IT Support Analyst,2020-09-08,Active
EMP212,Sales,Sales Executive,2022-03-16,Active
EMP213,IT,Software Developer,2023-09-14,Active
EMP214,Marketing,Marketing Executive,2022-08-20,Active
EMP215,Finance,Accountant,2021-05-11,Active
EMP216,IT,IT Support Analyst,2023-07-14,Active
EMP217,Marketing,Marketing Analyst,2019-02-04,Active
EMP218,Sales,Sales Analyst,2021-05-29,Active
EMP219,Marketing,Marketing Executive,2019-07-29,Active
EMP220,HR,Recruiter,2021-01-01,Active
EMP221,Marketing,Content Specialist,2022-01-06,Active
EMP222,HR,HR Executive,2024-08-14,Active
EMP223,Sales,Account Manager,2021-09-28,Active
EMP224,Marketing,Marketing Executive,2025-08-02,Active
EMP225,IT,IT Support Analyst,2020-10-21,Active
EMP226,Operations,Operations Executive,2024-08-26,Active
EMP227,Marketing,Marketing Executive,2023-09-27,Active
EMP228,HR,HR Analyst,2025-04-18,Active
EMP229,Operations,Coordinator,2022-04-29,Active
EMP230,Operations,Operations Executive,2022-03-08,Active
EMP231,IT,IT Support Analyst,2024-06-04,Active
EMP232,Sales,Sales Executive,2021-06-11,Active
EMP233,Sales,Sales Executive,2024-08-18,Active
EMP234,IT,IT Support Analyst,2019-07-01,Active
EMP235,Finance,Finance Executive,2020-04-21,Active
EMP236,Operations,Operations Executive,2023-05-05,Active
EMP237,IT,IT Support Analyst,2024-03-01,Active
EMP238,HR,HR Executive,2021-07-05,Active
EMP239,Operations,Coordinator,2025-04-27,Active
EMP240,HR,HR Executive,2020-04-25,Active
EMP241,IT,Software Developer,2024-01-02,Active
EMP242,Sales,Account Manager,2022-05-01,Active
EMP243,Sales,Sales Executive,2019-10-09,Active
EMP244,HR,HR Executive,2025-11-09,Active
EMP245,Operations,Operations Analyst,2019-01-16,Active
EMP246,Operations,Coordinator,2019-10-06,Active
EMP247,Operations,Operations Analyst,2025-02-22,Active
EMP248,Operations,Operations Analyst,2021-09-14,Active
EMP249,IT,IT Support Analyst,2025-07-20,Active
EMP250,Operations,Coordinator,2024-08-25,Active
EMP251,Sales,Account Manager,2024-10-31,Active
EMP252,Finance,Finance Executive,2019-06-09,Active
EMP253,HR,Recruiter,2022-01-03,Active
EMP254,Marketing,Content Specialist,2019-09-26,Active
EMP255,Finance,Accountant,2023-03-24,Active
EMP256,Sales,Sales Executive,2020-06-11,Active
EMP257,IT,IT Support Analyst,2020-08-13,Active
EMP258,Marketing,Content Specialist,2024-02-19,Active
EMP259,Operations,Operations Executive,2023-09-22,Active
EMP260,Sales,Sales Executive,2025-11-17,Active
EMP261,Finance,Accountant,2025-12-01,Active
EMP262,IT,Software Developer,2020-03-04,Active
EMP263,IT,QA Analyst,2024-02-06,Active
EMP264,Operations,Operations Analyst,2024-02-17,Active
EMP265,HR,Recruiter,2022-12-13,Active
EMP266,Sales,Sales Executive,2024-09-14,Active
EMP267,Operations,Operations Executive,2023-06-25,Active
EMP268,Marketing,Content Specialist,2022-01-21,Active
EMP269,Finance,Accountant,2019-05-15,Active
EMP270,Marketing,Marketing Executive,2024-05-13,Active
EMP271,Sales,Sales Executive,2021-12-25,Active
EMP272,Sales,Account Manager,2019-07-09,Active
EMP273,Finance,Accountant,2025-12-11,Active
EMP274,Marketing,Marketing Analyst,2019-11-25,Active
EMP275,Marketing,Marketing Executive,2021-05-17,Active
EMP276,IT,Software Developer,2019-07-17,Active
EMP277,Finance,Finance Executive,2019-09-21,Active
EMP278,Marketing,Marketing Executive,2019-07-13,Active
EMP279,Sales,Sales Analyst,2023-10-06,Active
EMP280,IT,Software Developer,2021-06-01,Active
EMP281,HR,Recruiter,2020-08-06,Active
EMP282,HR,Recruiter,2024-09-18,Active
EMP283,Operations,Coordinator,2022-02-14,Active
EMP284,IT,QA Analyst,2024-07-11,Active
EMP285,Marketing,Marketing Analyst,2022-11-05,Active
EMP286,Operations,Operations Analyst,2024-09-05,Active
EMP287,Marketing,Content Specialist,2024-09-27,Active
EMP288,Marketing,Marketing Analyst,2020-10-10,Active
EMP289,IT,Software Developer,2022-11-22,Active
EMP290,Operations,Operations Analyst,2022-10-31,Active
EMP291,Operations,Operations Executive,2025-06-11,Active
EMP292,IT,Software Developer,2024-05-19,Active
EMP293,Finance,Accountant,2021-12-09,Active
EMP294,Operations,Coordinator,2020-07-18,Active
EMP295,Marketing,Marketing Executive,2025-11-30,Active
EMP296,Sales,Sales Executive,2024-02-29,Active
EMP297,Finance,Finance Executive,2019-02-15,Active
EMP298,Operations,Operations Analyst,2025-04-09,Active
EMP299,Marketing,Marketing Executive,2024-12-05,Active
EMP300,Operations,Operations Executive,2022-09-22,Active
EMP301,Marketing,Content Specialist,2019-06-22,Active
EMP302,IT,Software Developer,2022-10-01,Active
EMP303,Operations,Operations Executive,2024-10-26,Active
EMP304,Sales,Sales Executive,2024-05-25,Active
EMP305,Finance,Accountant,2022-01-07,Active
EMP306,Finance,Finance Executive,2024-08-21,Active
EMP307,Marketing,Marketing Executive,2023-02-16,Active
EMP308,Finance,Finance Executive,2021-10-15,Active
EMP309,Marketing,Content Specialist,2019-06-20,Active
EMP310,Operations,Operations Executive,2025-05-21,Active
EMP311,Operations,Operations Executive,2021-11-09,Active
EMP312,HR,HR Analyst,2020-08-19,Active
EMP313,HR,HR Executive,2021-06-15,Active
EMP314,Marketing,Marketing Executive,2021-09-09,Active
EMP315,IT,Software Developer,2020-05-06,Active
EMP316,Marketing,Marketing Executive,2025-01-07,Active
EMP317,Operations,Operations Analyst,2020-03-13,Active
EMP318,Operations,Operations Analyst,2025-12-13,Active
EMP319,Sales,Sales Analyst,2025-08-01,Active
EMP320,HR,Recruiter,2022-02-23,Active
EMP321,Sales,Sales Analyst,2025-08-23,Active
EMP322,HR,HR Executive,2022-07-07,Active
EMP323,HR,HR Executive,2019-08-01,Active
EMP324,Finance,Finance Executive,2021-11-22,Active
EMP325,IT,IT Support Analyst,2025-03-27,Active
EMP326,Operations,Operations Executive,2022-06-14,Active
EMP327,HR,HR Executive,2023-02-28,Active
EMP328,Finance,Financial Analyst,2024-10-04,Active
EMP329,IT,IT Support Analyst,2024-12-09,Active
EMP330,Finance,Accountant,2021-10-13,Active
EMP331,IT,IT Support Analyst,2024-06-12,Active
EMP332,Operations,Coordinator,2019-08-20,Active
EMP333,Sales,Sales Analyst,2021-02-20,Active
EMP334,HR,HR Executive,2025-11-18,Active
EMP335,Operations,Operations Executive,2019-10-06,Active
EMP336,Sales,Sales Analyst,2021-12-25,Active
EMP337,Finance,Accountant,2021-10-10,Active
EMP338,Operations,Operations Analyst,2021-03-07,Active
EMP339,Finance,Accountant,2023-05-06,Active
EMP340,IT,Software Developer,2019-11-26,Active
EMP341,Marketing,Marketing Analyst,2025-11-19,Active
EMP342,Sales,Sales Executive,2024-06-30,Active
EMP343,IT,Software Developer,2024-02-21,Active
EMP344,Operations,Coordinator,2020-07-24,Active
EMP345,Sales,Sales Analyst,2024-08-03,Active
EMP346,HR,Recruiter,2022-05-12,Active
EMP347,HR,Recruiter,2019-07-14,Active
EMP348,Finance,Finance Executive,2025-02-27,Active
EMP349,Finance,Finance Executive,2021-11-07,Active
EMP350,HR,HR Executive,2022-10-20,Active
EMP351,Finance,Finance Executive,2020-01-09,Active
EMP352,Marketing,Content Specialist,2019-11-13,Active
EMP353,Finance,Accountant,2021-08-06,Active
EMP354,Finance,Financial Analyst,2020-09-01,Active
EMP355,Operations,Operations Executive,2019-09-02,Active
EMP356,Finance,Finance Executive,2019-08-28,Active
EMP357,IT,QA Analyst,2021-10-30,Active
EMP358,Marketing,Marketing Executive,2021-02-05,Active
EMP359,Marketing,Content Specialist,2024-01-03,Active
EMP360,Operations,Operations Analyst,2022-12-26,Active
EMP361,Marketing,Marketing Executive,2023-03-16,Active
EMP362,Marketing,Marketing Executive,2023-07-04,Active
EMP363,HR,HR Executive,2022-05-16,Active
EMP364,IT,QA Analyst,2023-03-24,Active
EMP365,Marketing,Content Specialist,2019-06-01,Active
EMP366,IT,IT Support Analyst,2024-06-15,Active
EMP367,Operations,Coordinator,2022-01-30,Active
EMP368,Sales,Sales Analyst,2025-03-30,Active
EMP369,IT,QA Analyst,2022-10-08,Active
EMP370,Sales,Sales Analyst,2023-03-02,Active
EMP371,HR,HR Analyst,2021-02-04,Active
EMP372,HR,HR Executive,2023-01-01,Active
EMP373,Finance,Financial Analyst,2021-08-22,Active
EMP374,Sales,Sales Analyst,2019-05-11,Active
EMP375,Operations,Operations Analyst,2023-11-06,Active
EMP376,IT,QA Analyst,2019-12-27,Active
EMP377,Marketing,Marketing Executive,2021-10-21,Active
EMP378,HR,Recruiter,2022-03-12,Active
EMP379,Marketing,Marketing Analyst,2020-07-21,Active
EMP380,Sales,Sales Analyst,2025-07-08,Active
EMP381,Finance,Finance Executive,2023-04-11,Active
EMP382,Finance,Accountant,2019-05-01,Active
EMP383,Sales,Sales Executive,2025-03-21,Active
EMP384,Operations,Operations Analyst,2020-08-14,Active
EMP385,Sales,Sales Analyst,2025-05-24,Active
EMP386,HR,HR Executive,2020-01-28,Active
EMP387,Finance,Accountant,2021-10-29,Active
EMP388,IT,IT Support Analyst,2025-06-27,Active
EMP389,Sales,Sales Executive,2019-03-13,Active
EMP390,HR,Recruiter,2023-11-27,Active
EMP391,Marketing,Marketing Executive,2022-11-28,Active
EMP392,Operations,Operations Executive,2021-02-25,Active
EMP393,Marketing,Marketing Analyst,2019-04-08,Active
EMP394,Marketing,Marketing Executive,2019-07-12,Active
EMP395,Sales,Sales Executive,2019-06-18,Active
EMP396,IT,QA Analyst,2021-04-17,Active
EMP397,HR,HR Analyst,2024-10-30,Active
EMP398,HR,Recruiter,2023-02-15,Active
EMP399,Finance,Accountant,2019-05-17,Active
EMP400,IT,Software Developer,2022-07-27,Active
EMP401,Operations,Operations Analyst,2019-11-12,Active
EMP402,Marketing,Marketing Executive,2021-09-23,Active
EMP403,IT,QA Analyst,2020-08-09,Active
EMP404,IT,QA Analyst,2025-02-24,Active
EMP405,Operations,Coordinator,2025-08-09,Active
EMP406,Sales,Sales Analyst,2023-11-30,Active
EMP407,IT,Software Developer,2021-02-03,Active
EMP408,IT,QA Analyst,2024-11-18,Active
EMP409,HR,HR Executive,2019-10-28,Active
EMP410,Finance,Financial Analyst,2024-03-27,Active
EMP411,Sales,Account Manager,2020-02-25,Active
EMP412,HR,HR Analyst,2023-04-12,Active
EMP413,Sales,Account Manager,2019-07-28,Active
EMP414,Sales,Sales Executive,2025-06-22,Active
EMP415,Finance,Accountant,2025-02-10,Active
EMP416,IT,QA Analyst,2023-03-03,Active
EMP417,Operations,Operations Analyst,2019-06-23,Active
EMP418,Finance,Finance Executive,2021-09-29,Active
EMP419,Finance,Finance Executive,2019-05-30,Active
EMP420,Finance,Financial Analyst,2025-05-03,Active
EMP421,Operations,Operations Analyst,2023-04-11,Active
EMP422,HR,Recruiter,2025-08-28,Active
EMP423,IT,QA Analyst,2022-02-26,Active
EMP424,Finance,Accountant,2025-11-16,Active
EMP425,Finance,Financial Analyst,2020-07-07,Active
EMP426,Marketing,Marketing Analyst,2019-04-29,Active
EMP427,Marketing,Content Specialist,2019-02-19,Active
EMP428,Sales,Sales Executive,2023-10-29,Active
EMP429,Marketing,Marketing Analyst,2025-10-07,Active
EMP430,Finance,Finance Executive,2019-10-25,Active
EMP431,Sales,Sales Analyst,2021-03-03,Active
EMP432,Sales,Account Manager,2022-07-31,Active
EMP433,IT,Software Developer,2023-02-15,Active
EMP434,Finance,Accountant,2024-08-09,Active
EMP435,Finance,Accountant,2020-08-13,Active
EMP436,Sales,Account Manager,2023-08-09,Active
EMP437,Finance,Accountant,2022-05-06,Active
EMP438,HR,HR Executive,2023-11-09,Active
EMP439,Marketing,Content Specialist,2019-09-16,Active
EMP440,IT,IT Support Analyst,2024-09-01,Active
EMP441,Finance,Financial Analyst,2020-01-27,Active
EMP442,Operations,Operations Executive,2022-02-15,Active
EMP443,HR,HR Analyst,2020-10-15,Active
EMP444,Operations,Operations Executive,2024-06-08,Active
EMP445,Marketing,Content Specialist,2022-10-10,Active
EMP446,Sales,Account Manager,2020-02-23,Active
EMP447,Sales,Sales Analyst,2024-11-30,Active
EMP448,Marketing,Marketing Executive,2022-08-17,Active
EMP449,HR,Recruiter,2019-12-26,Active
EMP450,IT,QA Analyst,2024-07-06,Active
EMP451,Finance,Financial Analyst,2022-04-06,Active
EMP452,Finance,Finance Executive,2023-08-28,Active
EMP453,Operations,Operations Executive,2025-02-14,Active
EMP454,IT,Software Developer,2024-06-08,Active
EMP455,Operations,Coordinator,2023-11-25,Active
EMP456,Finance,Financial Analyst,2022-06-17,Active
EMP457,Marketing,Marketing Analyst,2019-10-03,Active
EMP458,HR,Recruiter,2023-12-15,Active
EMP459,Sales,Sales Executive,2022-05-11,Active
EMP460,IT,IT Support Analyst,2025-06-27,Active
EMP461,Marketing,Marketing Analyst,2020-06-26,Active
EMP462,Marketing,Content Specialist,2023-11-14,Active
EMP463,Operations,Operations Executive,2025-04-25,Active
EMP464,IT,QA Analyst,2025-06-10,Active
EMP465,HR,Recruiter,2024-10-10,Active
EMP466,Operations,Operations Analyst,2023-02-16,Active
EMP467,Marketing,Content Specialist,2022-04-01,Active
EMP468,IT,QA Analyst,2023-11-27,Active
EMP469,Operations,Coordinator,2021-02-17,Active
EMP470,Finance,Financial Analyst,2025-02-28,Active
EMP471,Operations,Coordinator,2025-09-01,Active
EMP472,Operations,Operations Executive,2024-11-20,Active
EMP473,Operations,Operations Analyst,2021-12-09,Active
EMP474,IT,IT Support Analyst,2023-08-09,Active
EMP475,Sales,Sales Analyst,2019-10-21,Active
EMP476,HR,HR Executive,2022-07-20,Active
EMP477,Operations,Coordinator,2021-05-04,Active
EMP478,Marketing,Marketing Analyst,2021-10-08,Active
EMP479,HR,HR Executive,2021-09-27,Active
EMP480,Sales,Sales Executive,2021-01-30,Active
EMP481,Marketing,Content Specialist,2023-12-02,Active
EMP482,Marketing,Marketing Executive,2024-01-03,Active
EMP483,Sales,Sales Executive,2022-06-08,Active
EMP484,IT,Software Developer,2025-02-09,Active
EMP485,Finance,Accountant,2022-01-22,Active
EMP486,Sales,Sales Executive,2025-08-02,Active
EMP487,Finance,Financial Analyst,2021-11-22,Active
EMP488,IT,QA Analyst,2019-11-02,Active
EMP489,HR,Recruiter,2025-01-17,Active
EMP490,IT,IT Support Analyst,2025-06-22,Active
EMP491,Sales,Sales Executive,2020-04-05,Active
EMP492,IT,IT Support Analyst,2019-02-21,Active
EMP493,Sales,Account Manager,2022-10-07,Active
EMP494,IT,IT Support Analyst,2023-08-04,Active
EMP495,Operations,Operations Executive,2022-06-12,Active
EMP496,HR,Recruiter,2019-07-21,Active
EMP497,Sales,Sales Analyst,2022-07-11,Active
EMP498,Finance,Accountant,2020-01-18,Active
EMP499,Operations,Operations Executive,2019-12-21,Active
EMP500,Operations,Operations Analyst,2025-08-23,Active
EMP501,Operations,Operations Executive,2023-09-03,Active
EMP502,Finance,Accountant,2022-09-08,Active
EMP503,Sales,Sales Executive,2019-09-20,Active
EMP504,IT,Software Developer,2020-02-29,Active
EMP505,IT,QA Analyst,2019-08-12,Active
EMP506,Sales,Sales Analyst,2021-11-07,Active
EMP507,Finance,Accountant,2022-07-23,Active
EMP508,Finance,Finance Executive,2022-11-29,Active
EMP509,Marketing,Marketing Executive,2024-03-26,Active
EMP510,Marketing,Content Specialist,2023-06-23,Active
EMP511,Marketing,Content Specialist,2024-01-24,Active
EMP512,Finance,Finance Executive,2022-12-24,Active
EMP513,Operations,Operations Executive,2024-07-12,Active
EMP514,Finance,Financial Analyst,2019-09-28,Active
EMP515,Sales,Sales Analyst,2024-06-10,Active
EMP516,Marketing,Content Specialist,2024-02-29,Active
EMP517,Sales,Account Manager,2020-01-07,Active
EMP518,Finance,Finance Executive,2022-01-08,Active
EMP519,Finance,Finance Executive,2019-03-31,Active
EMP520,IT,IT Support Analyst,2020-11-24,Active
EMP521,HR,HR Executive,2022-11-06,Active
EMP522,IT,IT Support Analyst,2022-04-01,Active
EMP523,Finance,Financial Analyst,2023-06-18,Active
EMP524,HR,HR Executive,2022-03-25,Active
EMP525,Operations,Coordinator,2019-11-13,Active
EMP526,Operations,Operations Analyst,2025-04-12,Active
EMP527,Finance,Financial Analyst,2023-02-12,Active
EMP528,Finance,Accountant,2021-03-05,Active
EMP529,Sales,Sales Analyst,2022-08-19,Active
EMP530,Operations,Coordinator,2025-12-15,Active
EMP531,IT,IT Support Analyst,2019-04-18,Active
EMP532,Operations,Operations Analyst,2021-06-23,Active
EMP533,Operations,Coordinator,2025-09-04,Active
EMP534,Operations,Coordinator,2022-10-16,Active
EMP535,IT,QA Analyst,2024-11-04,Active
EMP536,HR,HR Analyst,2024-11-08,Active
EMP537,Finance,Financial Analyst,2024-06-23,Active
EMP538,HR,HR Analyst,2025-02-03,Active
EMP539,Marketing,Marketing Executive,2025-12-16,Active
EMP540,IT,IT Support Analyst,2019-11-25,Active
EMP541,Operations,Operations Analyst,2023-11-14,Active
EMP542,IT,IT Support Analyst,2024-11-19,Active
EMP543,HR,HR Executive,2025-03-22,Active
EMP544,Sales,Sales Analyst,2021-02-25,Active
EMP545,Finance,Accountant,2024-05-05,Active
EMP546,Finance,Accountant,2024-03-03,Active
EMP547,Operations,Operations Analyst,2020-01-23,Active
EMP548,IT,IT Support Analyst,2022-03-14,Active
EMP549,IT,Software Developer,2021-04-10,Active
EMP550,Finance,Accountant,2023-03-19,Active
EMP551,Finance,Accountant,2023-09-04,Active
EMP552,HR,Recruiter,2022-01-03,Active
EMP553,Finance,Financial Analyst,2025-02-22,Active
EMP554,Operations,Operations Analyst,2023-01-11,Active
EMP555,Marketing,Content Specialist,2025-12-19,Active
EMP556,Marketing,Marketing Analyst,2025-11-09,Active
EMP557,Finance,Accountant,2023-05-05,Active
EMP558,Sales,Sales Executive,2023-03-22,Active
EMP559,Marketing,Content Specialist,2024-08-19,Active
EMP560,Operations,Operations Analyst,2021-12-14,Active
EMP561,Marketing,Marketing Executive,2024-11-04,Active
EMP562,Finance,Accountant,2022-12-07,Active
EMP563,Operations,Coordinator,2020-02-12,Active
EMP564,Finance,Finance Executive,2021-12-25,Active
EMP565,Finance,Accountant,2023-08-21,Active
EMP566,Operations,Operations Analyst,2023-07-13,Active
EMP567,Finance,Accountant,2020-09-01,Active
EMP568,Operations,Coordinator,2020-08-24,Active
EMP569,Sales,Sales Executive,2021-03-18,Active
EMP570,Operations,Operations Executive,2022-10-16,Active
EMP571,Marketing,Content Specialist,2025-01-17,Active
EMP572,Marketing,Marketing Executive,2020-02-20,Active
EMP573,Finance,Financial Analyst,2019-05-31,Active
EMP574,Sales,Sales Executive,2024-05-02,Active
EMP575,Operations,Operations Analyst,2021-03-02,Active
EMP576,IT,QA Analyst,2020-07-16,Active
EMP577,Marketing,Content Specialist,2020-12-03,Active
EMP578,Finance,Accountant,2021-05-31,Active
EMP579,IT,IT Support Analyst,2021-03-07,Active
EMP580,Operations,Coordinator,2023-12-04,Active
EMP581,Operations,Operations Executive,2023-05-20,Active
EMP582,Sales,Sales Executive,2022-08-14,Active
EMP583,IT,IT Support Analyst,2019-04-27,Active
EMP584,Marketing,Marketing Executive,2022-04-29,Active
EMP585,Finance,Finance Executive,2021-06-25,Active
EMP586,Operations,Coordinator,2020-06-23,Active
EMP587,Sales,Sales Analyst,2022-10-27,Active
EMP588,Operations,Operations Analyst,2023-04-30,Active
EMP589,Operations,Operations Analyst,2020-02-19,Active
EMP590,Sales,Sales Analyst,2024-10-10,Active
EMP591,Operations,Coordinator,2022-12-20,Active
EMP592,Operations,Operations Analyst,2023-12-22,Active
EMP593,Sales,Sales Analyst,2025-11-08,Active
EMP594,HR,Recruiter,2019-04-12,Active
EMP595,IT,Software Developer,2021-05-29,Active
EMP596,HR,HR Executive,2023-01-03,Active
EMP597,Operations,Coordinator,2021-07-05,Active
EMP598,IT,Software Developer,2023-01-31,Active
EMP599,Sales,Sales Executive,2021-05-25,Active
EMP600,Sales,Sales Analyst,2020-02-09,Active
EMP601,IT,QA Analyst,2025-12-08,Active
EMP602,Sales,Sales Executive,2019-03-17,Active
EMP603,HR,HR Executive,2025-03-24,Active
EMP604,IT,Software Developer,2020-03-04,Active
EMP605,HR,HR Analyst,2022-06-19,Active
EMP606,IT,Software Developer,2023-05-19,Active
EMP607,Marketing,Marketing Executive,2022-01-09,Active
EMP608,Operations,Operations Executive,2021-04-22,Active
EMP609,Finance,Financial Analyst,2019-01-27,Active
EMP610,Finance,Finance Executive,2021-11-23,Active
EMP611,Marketing,Content Specialist,2020-05-26,Active
EMP612,Marketing,Content Specialist,2022-05-07,Active
EMP613,Marketing,Content Specialist,2023-07-13,Active
EMP614,Operations,Coordinator,2021-06-30,Active
EMP615,HR,HR Analyst,2025-06-25,Active
EMP616,Marketing,Marketing Executive,2019-08-04,Active
EMP617,Finance,Finance Executive,2020-09-29,Active
EMP618,Finance,Financial Analyst,2020-09-14,Active
EMP619,Finance,Finance Executive,2022-09-20,Active
EMP620,IT,QA Analyst,2019-07-28,Active
EMP621,Marketing,Content Specialist,2024-01-20,Active
EMP622,IT,IT Support Analyst,2025-07-12,Active
EMP623,IT,QA Analyst,2024-10-27,Active
EMP624,HR,Recruiter,2022-08-10,Active
EMP625,IT,IT Support Analyst,2020-05-22,Active
EMP626,Operations,Operations Executive,2023-03-12,Active
EMP627,HR,Recruiter,2021-06-19,Active
EMP628,Finance,Finance Executive,2020-02-14,Active
EMP629,Marketing,Marketing Executive,2020-02-10,Active
EMP630,Finance,Accountant,2020-08-10,Active
EMP631,Marketing,Content Specialist,2023-11-18,Active
EMP632,HR,Recruiter,2025-07-31,Active
EMP633,Sales,Sales Executive,2021-05-23,Active
EMP634,Operations,Operations Analyst,2022-09-15,Active
EMP635,Operations,Operations Analyst,2022-02-16,Active
EMP636,Sales,Sales Analyst,2022-01-11,Active
EMP637,IT,Software Developer,2024-05-30,Active
EMP638,Sales,Sales Analyst,2022-02-02,Active
EMP639,Sales,Sales Executive,2021-10-02,Active
EMP640,Marketing,Content Specialist,2021-12-05,Active
EMP641,Sales,Sales Executive,2020-05-30,Active
EMP642,IT,IT Support Analyst,2024-05-26,Active
EMP643,HR,Recruiter,2025-11-09,Active
EMP644,Marketing,Marketing Analyst,2022-06-01,Active
EMP645,Operations,Operations Executive,2023-12-11,Active
EMP646,Marketing,Marketing Analyst,2022-08-02,Active
EMP647,Sales,Sales Analyst,2024-05-17,Active
EMP648,Finance,Accountant,2025-07-25,Active
EMP649,HR,Recruiter,2025-11-10,Active
EMP650,IT,IT Support Analyst,2022-11-24,Active
EMP651,HR,HR Analyst,2024-04-14,Active
EMP652,Finance,Accountant,2019-01-03,Active
EMP653,Sales,Sales Analyst,2020-02-15,Active
EMP654,HR,Recruiter,2020-01-07,Active
EMP655,Operations,Operations Analyst,2019-04-15,Active
EMP656,Sales,Account Manager,2019-12-23,Active
EMP657,IT,IT Support Analyst,2019-09-18,Active
EMP658,IT,Software Developer,2022-01-24,Active
EMP659,Sales,Sales Executive,2023-08-22,Active
EMP660,Marketing,Marketing Executive,2024-12-07,Active
EMP661,IT,IT Support Analyst,2019-04-27,Active
EMP662,Marketing,Content Specialist,2021-01-12,Active
EMP663,Marketing,Marketing Executive,2024-06-10,Active
EMP664,Operations,Operations Executive,2023-02-12,Active
EMP665,Operations,Operations Executive,2025-11-16,Active
EMP666,Operations,Operations Analyst,2025-04-26,Active
EMP667,IT,QA Analyst,2022-12-15,Active
EMP668,IT,Software Developer,2021-07-24,Active
EMP669,Operations,Coordinator,2019-07-08,Active
EMP670,Sales,Sales Analyst,2020-06-08,Active
EMP671,HR,Recruiter,2023-09-15,Active
EMP672,Operations,Coordinator,2024-02-20,Active
EMP673,Marketing,Marketing Executive,2022-10-05,Active
EMP674,Marketing,Content Specialist,2025-10-22,Active
EMP675,Operations,Operations Analyst,2023-10-11,Active
EMP676,Finance,Finance Executive,2025-03-08,Active
EMP677,HR,HR Executive,2021-12-11,Active
EMP678,Marketing,Content Specialist,2024-07-18,Active
EMP679,HR,Recruiter,2019-09-12,Active
EMP680,HR,HR Executive,2024-11-20,Active
EMP681,Sales,Account Manager,2022-11-20,Active
EMP682,Operations,Operations Executive,2019-10-26,Active
EMP683,Operations,Operations Analyst,2020-02-22,Active
EMP684,HR,HR Executive,2023-03-26,Active
EMP685,Sales,Account Manager,2025-11-20,Active
EMP686,Finance,Accountant,2023-03-16,Active
EMP687,Sales,Sales Analyst,2022-09-12,Active
EMP688,Operations,Operations Analyst,2020-02-03,Active
EMP689,Sales,Sales Executive,2022-06-15,Active
EMP690,IT,Software Developer,2023-01-12,Active
EMP691,Finance,Accountant,2021-10-30,Active
EMP692,Marketing,Marketing Analyst,2023-10-29,Active
EMP693,Sales,Sales Analyst,2023-02-06,Active
EMP694,Finance,Financial Analyst,2021-11-04,Active
EMP695,Finance,Accountant,2019-05-11,Active
EMP696,IT,QA Analyst,2022-03-26,Active
EMP697,Marketing,Marketing Analyst,2022-12-08,Active
EMP698,Marketing,Marketing Analyst,2020-05-10,Active
EMP699,Sales,Account Manager,2025-09-20,Active
EMP700,HR,HR Executive,2023-07-14,Active
EMP701,Finance,Accountant,2020-04-24,Active
EMP702,Sales,Sales Executive,2021-08-28,Active
EMP703,IT,QA Analyst,2023-07-22,Active
EMP704,IT,IT Support Analyst,2019-12-31,Active
EMP705,Marketing,Content Specialist,2020-07-18,Active
EMP706,HR,HR Executive,2025-03-15,Active
EMP707,Marketing,Content Specialist,2019-09-18,Active
EMP708,HR,HR Executive,2021-11-15,Active
EMP709,IT,QA Analyst,2024-06-05,Active
EMP710,Operations,Operations Executive,2019-07-13,Active
EMP711,Marketing,Content Specialist,2022-06-14,Active
EMP712,HR,HR Analyst,2020-08-18,Active
EMP713,HR,Recruiter,2025-12-01,Active
EMP714,Marketing,Marketing Analyst,2023-11-21,Active
EMP715,Finance,Finance Executive,2022-01-08,Active
EMP716,Operations,Operations Analyst,2023-05-04,Active
EMP717,Marketing,Marketing Executive,2023-04-17,Active
EMP718,Sales,Sales Analyst,2025-04-21,Active
EMP719,Operations,Coordinator,2024-11-06,Active
EMP720,Marketing,Marketing Executive,2020-10-03,Active
EMP721,Sales,Sales Analyst,2019-09-23,Active
EMP722,IT,IT Support Analyst,2025-10-08,Active
EMP723,Operations,Operations Analyst,2021-11-05,Active
EMP724,Operations,Operations Analyst,2024-10-28,Active
EMP725,Operations,Operations Analyst,2025-09-22,Active
EMP726,Operations,Operations Analyst,2023-06-20,Active
EMP727,Finance,Finance Executive,2023-11-19,Active
EMP728,HR,Recruiter,2021-04-23,Active
EMP729,Finance,Financial Analyst,2022-09-16,Active
EMP730,Marketing,Content Specialist,2023-06-10,Active
EMP731,Marketing,Marketing Executive,2025-12-29,Active
EMP732,Marketing,Marketing Analyst,2022-08-28,Active
EMP733,Finance,Financial Analyst,2021-02-23,Active
EMP734,IT,QA Analyst,2019-12-17,Active
EMP735,Marketing,Marketing Executive,2024-02-10,Active
EMP736,Marketing,Marketing Analyst,2022-12-22,Active
EMP737,Sales,Sales Executive,2020-08-27,Active
EMP738,IT,IT Support Analyst,2019-08-22,Active
EMP739,Marketing,Content Specialist,2021-10-23,Active
EMP740,IT,Software Developer,2023-12-01,Active
EMP741,HR,HR Executive,2023-07-03,Active
EMP742,Operations,Operations Analyst,2019-06-09,Active
EMP743,Finance,Finance Executive,2024-07-18,Active
EMP744,Finance,Financial Analyst,2025-03-06,Active
EMP745,Operations,Operations Executive,2020-02-06,Active
EMP746,HR,Recruiter,2022-12-09,Active
EMP747,Finance,Financial Analyst,2019-08-25,Active
EMP748,IT,IT Support Analyst,2019-05-28,Active
EMP749,Marketing,Marketing Analyst,2023-12-28,Active
EMP750,Sales,Sales Executive,2023-06-08,Active
EMP751,Sales,Sales Executive,2025-08-05,Active
EMP752,Operations,Operations Analyst,2021-09-29,Active
EMP753,Sales,Account Manager,2019-08-23,Active
EMP754,Sales,Sales Executive,2021-07-01,Active
EMP755,Operations,Operations Analyst,2019-10-11,Active
EMP756,Operations,Operations Executive,2019-09-25,Active
EMP757,Operations,Operations Analyst,2022-12-08,Active
EMP758,Finance,Accountant,2023-06-16,Active
EMP759,Marketing,Content Specialist,2023-05-18,Active
EMP760,Finance,Accountant,2022-03-08,Active
EMP761,HR,HR Analyst,2023-04-01,Active
EMP762,IT,IT Support Analyst,2025-09-16,Active
EMP763,Marketing,Marketing Executive,2020-08-03,Active
EMP764,Finance,Financial Analyst,2020-07-06,Active
EMP765,Finance,Financial Analyst,2020-01-14,Active
EMP766,HR,Recruiter,2022-04-24,Active
EMP767,Sales,Account Manager,2024-03-23,Active
EMP768,Finance,Accountant,2024-08-18,Active
EMP769,Marketing,Marketing Analyst,2024-04-12,Active
EMP770,IT,QA Analyst,2025-01-03,Active
EMP771,Finance,Accountant,2023-12-30,Active
EMP772,IT,IT Support Analyst,2021-09-11,Active
EMP773,Operations,Operations Analyst,2020-09-04,Active
EMP774,Operations,Operations Executive,2021-06-17,Active
EMP775,Operations,Coordinator,2021-09-27,Active
EMP776,Finance,Financial Analyst,2022-10-31,Active
EMP777,Sales,Account Manager,2023-10-10,Active
EMP778,IT,QA Analyst,2019-02-26,Active
EMP779,Sales,Sales Analyst,2025-01-17,Active
EMP780,Finance,Financial Analyst,2020-05-22,Active
EMP781,Finance,Finance Executive,2019-10-12,Active
EMP782,HR,HR Executive,2022-04-27,Active
EMP783,Sales,Account Manager,2024-03-03,Active
EMP784,Sales,Sales Executive,2019-01-02,Active
EMP785,Sales,Sales Analyst,2019-01-10,Active
EMP786,IT,QA Analyst,2020-11-08,Active
EMP787,Finance,Finance Executive,2022-05-01,Active
EMP788,HR,HR Executive,2020-01-28,Active
EMP789,Finance,Accountant,2024-04-02,Active
EMP790,IT,QA Analyst,2025-01-20,Active
EMP791,Marketing,Marketing Analyst,2021-10-03,Active
EMP792,IT,QA Analyst,2022-03-21,Active
EMP793,Marketing,Marketing Executive,2020-12-21,Active
EMP794,IT,Software Developer,2022-06-09,Active
EMP795,HR,Recruiter,2024-03-19,Active
EMP796,Finance,Accountant,2020-01-29,Active
EMP797,Operations,Operations Analyst,2024-10-18,Active
EMP798,HR,HR Executive,2023-10-15,Active
EMP799,Marketing,Marketing Executive,2024-03-04,Active
EMP800,HR,Recruiter,2020-07-26,Active
EMP801,Operations,Operations Analyst,2025-01-24,Active
EMP802,Finance,Accountant,2025-01-20,Active
EMP803,Operations,Operations Analyst,2020-07-22,Active
EMP804,IT,IT Support Analyst,2021-11-04,Active
EMP805,Finance,Finance Executive,2019-08-04,Active
EMP806,Marketing,Marketing Executive,2022-09-26,Active
EMP807,Operations,Operations Analyst,2025-03-23,Active
EMP808,Operations,Operations Analyst,2023-01-17,Active
EMP809,Sales,Sales Analyst,2023-03-17,Active
EMP810,Sales,Sales Executive,2020-07-01,Active
EMP811,Operations,Operations Executive,2024-02-09,Active
EMP812,IT,Software Developer,2023-08-15,Active
EMP813,Operations,Operations Analyst,2025-09-11,Active
EMP814,Finance,Accountant,2019-08-27,Active
EMP815,IT,QA Analyst,2019-12-22,Active
EMP816,Finance,Accountant,2025-05-06,Active
EMP817,Sales,Sales Executive,2021-12-02,Active
EMP818,Marketing,Marketing Executive,2019-12-14,Active
EMP819,HR,HR Executive,2019-04-13,Active
EMP820,Marketing,Marketing Executive,2023-12-27,Active
EMP821,Operations,Coordinator,2025-11-17,Active
EMP822,HR,HR Analyst,2020-12-10,Active
EMP823,Finance,Accountant,2023-12-17,Active
EMP824,IT,Software Developer,2025-04-30,Active
EMP825,HR,Recruiter,2020-11-28,Active
EMP826,HR,HR Executive,2025-07-13,Active
EMP827,Operations,Operations Analyst,2021-03-10,Active
EMP828,Finance,Accountant,2024-02-09,Active
EMP829,Operations,Operations Executive,2020-07-20,Active
EMP830,IT,IT Support Analyst,2024-11-11,Active
EMP831,Finance,Accountant,2021-05-07,Active
EMP832,Operations,Operations Analyst,2022-04-03,Active
EMP833,HR,HR Executive,2024-12-07,Active
EMP834,HR,HR Analyst,2022-07-12,Active
EMP835,Marketing,Marketing Executive,2024-07-20,Active
EMP836,Marketing,Marketing Analyst,2020-02-20,Active
EMP837,Sales,Account Manager,2021-02-23,Active
EMP838,Operations,Operations Analyst,2019-12-10,Active
EMP839,Operations,Operations Executive,2021-12-11,Active
EMP840,IT,IT Support Analyst,2023-06-09,Active
EMP841,Sales,Account Manager,2021-02-08,Active
EMP842,Finance,Finance Executive,2021-01-12,Active
EMP843,Sales,Sales Analyst,2022-05-01,Active
EMP844,Operations,Operations Executive,2019-05-08,Active
EMP845,IT,QA Analyst,2021-05-23,Active
EMP846,HR,HR Executive,2023-09-03,Active
EMP847,Sales,Sales Analyst,2024-12-05,Active
EMP848,Operations,Coordinator,2025-12-26,Active
EMP849,Finance,Financial Analyst,2021-08-30,Active
EMP850,Finance,Accountant,2024-08-30,Active
EMP851,IT,QA Analyst,2019-04-17,Active
EMP852,Finance,Accountant,2025-01-15,Active
EMP853,IT,QA Analyst,2024-05-12,Active
EMP854,Sales,Sales Analyst,2024-10-10,Active
EMP855,HR,Recruiter,2020-05-02,Active
EMP856,Sales,Sales Executive,2020-07-20,Active
EMP857,Finance,Finance Executive,2019-06-13,Active
EMP858,Operations,Operations Executive,2020-11-17,Active
EMP859,Operations,Operations Analyst,2023-01-31,Active
EMP860,Marketing,Marketing Analyst,2023-02-24,Active
EMP861,Marketing,Marketing Executive,2023-12-28,Active
EMP862,Finance,Financial Analyst,2024-05-08,Active
EMP863,Finance,Finance Executive,2023-12-11,Active
EMP864,Operations,Coordinator,2024-02-25,Active
EMP865,Sales,Sales Executive,2024-11-23,Active
EMP866,Marketing,Marketing Analyst,2025-10-11,Active
EMP867,Marketing,Content Specialist,2019-12-19,Active
EMP868,IT,Software Developer,2024-04-05,Active
EMP869,Finance,Finance Executive,2019-01-13,Active
EMP870,Finance,Finance Executive,2023-05-30,Active
EMP871,Marketing,Marketing Analyst,2023-06-16,Active
EMP872,Marketing,Marketing Analyst,2025-08-05,Active
EMP873,Operations,Operations Analyst,2019-01-04,Active
EMP874,Finance,Accountant,2023-09-14,Active
EMP875,Marketing,Content Specialist,2021-02-06,Active
EMP876,IT,QA Analyst,2021-11-07,Active
EMP877,Sales,Sales Executive,2021-02-21,Active
EMP878,Marketing,Marketing Executive,2019-12-18,Active
EMP879,Operations,Coordinator,2023-01-13,Active
EMP880,Marketing,Marketing Executive,2019-05-24,Active
EMP881,IT,IT Support Analyst,2023-06-04,Active
EMP882,IT,Software Developer,2019-02-27,Active
EMP883,HR,HR Executive,2021-03-06,Active
EMP884,HR,Recruiter,2021-07-02,Active
EMP885,Marketing,Marketing Analyst,2024-07-26,Active
EMP886,Marketing,Content Specialist,2021-12-21,Active
EMP887,IT,Software Developer,2025-04-27,Active
EMP888,Operations,Operations Executive,2019-09-20,Active
EMP889,HR,HR Analyst,2025-03-20,Active
EMP890,Marketing,Marketing Analyst,2020-12-18,Active
EMP891,HR,HR Executive,2023-06-15,Active
EMP892,Operations,Operations Executive,2025-03-18,Active
EMP893,IT,IT Support Analyst,2021-05-23,Active
EMP894,Finance,Accountant,2021-08-28,Active
EMP895,IT,QA Analyst,2022-04-20,Active
EMP896,Marketing,Marketing Executive,2019-09-30,Active
EMP897,Finance,Accountant,2024-09-23,Active
EMP898,IT,IT Support Analyst,2022-12-25,Active
EMP899,Operations,Operations Analyst,2023-05-03,Active
EMP900,Operations,Operations Executive,2020-08-01,Active
EMP901,HR,HR Executive,2019-08-24,Active
EMP902,Sales,Sales Executive,2025-07-21,Active
EMP903,Sales,Sales Executive,2025-02-28,Active
EMP904,Marketing,Content Specialist,2024-12-01,Active
EMP905,Operations,Operations Analyst,2021-09-21,Active
EMP906,Operations,Coordinator,2023-12-30,Active
EMP907,Operations,Operations Analyst,2022-06-24,Active
EMP908,Marketing,Content Specialist,2021-05-11,Active
EMP909,Sales,Sales Analyst,2020-08-03,Active
EMP910,Operations,Operations Executive,2021-03-12,Active
EMP911,Finance,Finance Executive,2022-05-06,Active
EMP912,Finance,Finance Executive,2025-01-10,Active
EMP913,Finance,Accountant,2023-12-22,Active
EMP914,Finance,Financial Analyst,2023-04-30,Active
EMP915,Finance,Finance Executive,2022-06-12,Active
EMP916,HR,HR Executive,2022-06-19,Active
EMP917,Operations,Operations Analyst,2021-02-09,Active
EMP918,Sales,Sales Executive,2023-10-30,Active
EMP919,Sales,Sales Executive,2023-04-28,Active
EMP920,Marketing,Content Specialist,2025-12-21,Active
EMP921,IT,IT Support Analyst,2023-01-16,Active
EMP922,Sales,Sales Analyst,2023-12-13,Active
EMP923,Operations,Operations Executive,2021-07-11,Active
EMP924,Marketing,Marketing Analyst,2023-04-30,Active
EMP925,Operations,Operations Executive,2021-07-24,Active
EMP926,IT,QA Analyst,2022-07-16,Active
EMP927,Sales,Account Manager,2023-03-05,Active
EMP928,Operations,Coordinator,2021-05-01,Active
EMP929,IT,Software Developer,2025-09-06,Active
EMP930,Operations,Coordinator,2022-10-04,Active
EMP931,Operations,Operations Analyst,2025-08-17,Active
EMP932,Sales,Sales Analyst,2025-09-04,Active
EMP933,Marketing,Marketing Analyst,2024-03-25,Active
EMP934,Operations,Coordinator,2024-04-25,Active
EMP935,Marketing,Content Specialist,2024-12-29,Active
EMP936,Sales,Sales Executive,2023-01-05,Active
EMP937,Operations,Operations Analyst,2022-01-22,Active
EMP938,Finance,Financial Analyst,2023-11-29,Active
EMP939,Finance,Accountant,2022-05-03,Active
EMP940,Marketing,Marketing Executive,2023-07-09,Active
EMP941,IT,Software Developer,2022-09-25,Active
EMP942,HR,Recruiter,2021-05-18,Active
EMP943,IT,IT Support Analyst,2023-08-05,Active
EMP944,Operations,Operations Analyst,2025-08-03,Active
EMP945,Operations,Coordinator,2023-06-03,Active
EMP946,IT,Software Developer,2020-12-29,Active
EMP947,Operations,Operations Executive,2025-03-30,Active
EMP948,HR,HR Executive,2020-07-30,Active
EMP949,Finance,Financial Analyst,2025-05-07,Active
EMP950,Marketing,Marketing Analyst,2019-12-15,Active
EMP951,Marketing,Marketing Executive,2025-01-17,Active
EMP952,HR,Recruiter,2024-04-16,Active
EMP953,Marketing,Marketing Analyst,2020-08-12,Active
EMP954,Sales,Sales Executive,2024-04-05,Active
EMP955,IT,QA Analyst,2021-11-15,Active
EMP956,Operations,Coordinator,2022-05-16,Active
EMP957,Sales,Sales Executive,2020-03-08,Active
EMP958,Marketing,Marketing Executive,2021-06-08,Active
EMP959,IT,Software Developer,2021-02-27,Active
EMP960,HR,HR Executive,2020-07-05,Active
EMP961,Sales,Sales Executive,2021-10-24,Active
EMP962,Operations,Coordinator,2021-12-20,Active
EMP963,Operations,Operations Executive,2019-12-13,Active
EMP964,Marketing,Marketing Executive,2020-04-15,Active
EMP965,Marketing,Marketing Analyst,2020-12-21,Active
EMP966,IT,QA Analyst,2025-07-05,Active
EMP967,Finance,Financial Analyst,2019-08-18,Active
EMP968,HR,HR Executive,2024-01-06,Active
EMP969,Operations,Coordinator,2021-03-04,Active
EMP970,Sales,Sales Executive,2025-05-11,Active
EMP971,IT,Software Developer,2020-08-23,Active
EMP972,HR,HR Executive,2021-07-30,Active
EMP973,IT,IT Support Analyst,2025-07-27,Active
EMP974,Marketing,Content Specialist,2019-11-10,Active
EMP975,IT,IT Support Analyst,2022-09-21,Active
EMP976,HR,Recruiter,2020-06-06,Active
EMP977,HR,HR Analyst,2025-08-29,Active
EMP978,Finance,Finance Executive,2024-10-06,Active
EMP979,IT,QA Analyst,2021-09-21,Active
EMP980,Finance,Financial Analyst,2019-01-02,Active
EMP981,IT,IT Support Analyst,2020-04-03,Active
EMP982,Sales,Sales Executive,2020-02-03,Active
EMP983,IT,Software Developer,2021-07-21,Active
EMP984,Sales,Sales Analyst,2020-09-12,Active
EMP985,Sales,Sales Analyst,2024-06-01,Active
EMP986,IT,IT Support Analyst,2021-03-08,Active
EMP987,Marketing,Marketing Executive,2023-03-11,Active
EMP988,IT,IT Support Analyst,2025-08-01,Active
EMP989,IT,QA Analyst,2025-09-11,Active
EMP990,Marketing,Content Specialist,2025-08-21,Active
EMP991,IT,IT Support Analyst,2020-08-14,Active
EMP992,IT,Software Developer,2023-03-16,Active
EMP993,Sales,Sales Executive,2021-05-04,Active
EMP994,Finance,Financial Analyst,2019-04-26,Active
EMP995,Sales,Account Manager,2021-11-17,Active
EMP996,HR,HR Executive,2025-05-17,Active
EMP997,HR,HR Executive,2019-05-22,Active
EMP998,Operations,Operations Analyst,2022-04-21,Active
EMP999,IT,QA Analyst,2019-01-26,Active
EMP1000,Finance,Accountant,2023-03-08,Active
