employee_id,review_date,review_period,rating_out_of_5,goals_completed_percent,review_summary
EMP001,2023-06-30,2023-H1,3.4,64,Meets expectations
EMP001,2023-12-31,2023-H2,3.4,72,Exceeds expectations
EMP001,2024-06-30,2024-H1,3.7,65,Strong progress
EMP001,2024-12-31,2024-H2,3.7,64,Meets expectations
EMP001,2025-06-30,2025-H1,3.7,79,Needs support
EMP001,2025-12-31,2025-H2,4.0,81,Exceeds expectations
EMP002,2023-06-30,2023-H1,3.4,89,Strong progress
EMP002,2023-12-31,2023-H2,3.5,94,Meets expectations
EMP002,2024-06-30,2024-H1,3.4,94,Needs support
EMP002,2024-12-31,2024-H2,3.6,83,Strong progress
EMP002,2025-06-30,2025-H1,3.2,95,Exceeds expectations
EMP002,2025-12-31,2025-H2,3.2,90,Strong progress
EMP003,2023-06-30,2023-H1,3.4,50,Meets expectations
EMP003,2023-12-31,2023-H2,2.9,59,Needs support
EMP003,2024-06-30,2024-H1,3.1,57,Strong progress
EMP003,2024-12-31,2024-H2,2.7,50,Needs support
EMP003,2025-06-30,2025-H1,2.3,51,Needs support
EMP003,2025-12-31,2025-H2,2.3,45,Strong progress
EMP004,2023-06-30,2023-H1,2.4,78,Needs support
EMP004,2023-12-31,2023-H2,2.2,70,Needs support
EMP004,2024-06-30,2024-H1,2.2,64,Exceeds expectations
EMP004,2024-12-31,2024-H2,2.4,80,Exceeds expectations
EMP004,2025-06-30,2025-H1,2.2,68,Exceeds expectations
EMP004,2025-12-31,2025-H2,1.9,66,Needs support
EMP005,2023-06-30,2023-H1,4.1,78,Needs support
EMP005,2023-12-31,2023-H2,3.7,71,Meets expectations
EMP005,2024-06-30,2024-H1,4.0,74,Needs support
EMP005,2024-12-31,2024-H2,3.7,73,Exceeds expectations
EMP005,2025-06-30,2025-H1,3.3,75,Strong progress
EMP005,2025-12-31,2025-H2,3.6,66,Needs support
EMP006,2023-06-30,2023-H1,3.9,57,Needs support
EMP006,2023-12-31,2023-H2,4.4,61,Exceeds expectations
EMP006,2024-06-30,2024-H1,4.4,70,Exceeds expectations
EMP006,2024-12-31,2024-H2,4.4,63,Meets expectations
EMP006,2025-06-30,2025-H1,4.3,80,Strong progress
EMP006,2025-12-31,2025-H2,4.5,70,Strong progress
EMP007,2023-06-30,2023-H1,3.6,82,Meets expectations
EMP007,2023-12-31,2023-H2,3.4,76,Strong progress
EMP007,2024-06-30,2024-H1,3.5,84,Strong progress
EMP007,2024-12-31,2024-H2,2.9,74,Strong progress
EMP007,2025-06-30,2025-H1,3.1,75,Exceeds expectations
EMP007,2025-12-31,2025-H2,3.4,83,Strong progress
EMP008,2023-06-30,2023-H1,3.1,85,Strong progress
EMP008,2023-12-31,2023-H2,3.5,71,Needs support
EMP008,2024-06-30,2024-H1,2.6,80,Strong progress
EMP008,2024-12-31,2024-H2,2.4,65,Strong progress
EMP008,2025-06-30,2025-H1,3.1,71,Meets expectations
EMP008,2025-12-31,2025-H2,2.1,66,Meets expectations
EMP009,2023-06-30,2023-H1,3.7,74,Exceeds expectations
EMP009,2023-12-31,2023-H2,4.0,85,Exceeds expectations
EMP009,2024-06-30,2024-H1,4.0,81,Strong progress
EMP009,2024-12-31,2024-H2,4.2,80,Meets expectations
EMP009,2025-06-30,2025-H1,4.7,86,Meets expectations
EMP009,2025-12-31,2025-H2,4.6,82,Exceeds expectations
EMP010,2023-06-30,2023-H1,4.3,66,Strong progress
EMP010,2023-12-31,2023-H2,4.0,64,Exceeds expectations
EMP010,2024-06-30,2024-H1,3.8,67,Strong progress
EMP010,2024-12-31,2024-H2,3.7,57,Exceeds expectations
EMP010,2025-06-30,2025-H1,4.0,55,Needs support
EMP010,2025-12-31,2025-H2,4.0,59,Needs support
EMP011,2023-06-30,2023-H1,2.8,75,Exceeds expectations
EMP011,2023-12-31,2023-H2,2.7,81,Meets expectations
EMP011,2024-06-30,2024-H1,2.5,83,Exceeds expectations
EMP011,2024-12-31,2024-H2,2.5,83,Strong progress
EMP011,2025-06-30,2025-H1,2.7,73,Strong progress
EMP011,2025-12-31,2025-H2,3.1,73,Meets expectations
EMP012,2023-06-30,2023-H1,3.7,84,Meets expectations
EMP012,2023-12-31,2023-H2,3.5,86,Strong progress
EMP012,2024-06-30,2024-H1,3.6,89,Meets expectations
EMP012,2024-12-31,2024-H2,3.4,88,Needs support
EMP012,2025-06-30,2025-H1,3.4,85,Exceeds expectations
EMP012,2025-12-31,2025-H2,3.0,79,Needs support
EMP013,2023-06-30,2023-H1,2.4,94,Strong progress
EMP013,2023-12-31,2023-H2,2.8,85,Strong progress
EMP013,2024-06-30,2024-H1,2.3,82,Strong progress
EMP013,2024-12-31,2024-H2,2.5,92,Meets expectations
EMP013,2025-06-30,2025-H1,2.5,93,Exceeds expectations
EMP013,2025-12-31,2025-H2,3.0,95,Needs support
EMP014,2023-06-30,2023-H1,2.8,72,Strong progress
EMP014,2023-12-31,2023-H2,2.7,60,Meets expectations
EMP014,2024-06-30,2024-H1,3.2,52,Strong progress
EMP014,2024-12-31,2024-H2,3.2,65,Needs support
EMP014,2025-06-30,2025-H1,3.4,70,Meets expectations
EMP014,2025-12-31,2025-H2,3.2,73,Meets expectations
EMP015,2023-06-30,2023-H1,3.2,81,Exceeds expectations
EMP015,2023-12-31,2023-H2,3.2,79,Exceeds expectations
EMP015,2024-06-30,2024-H1,3.1,85,Strong progress
EMP015,2024-12-31,2024-H2,3.5,80,Meets expectations
EMP015,2025-06-30,2025-H1,3.9,81,Needs support
EMP015,2025-12-31,2025-H2,3.8,86,Meets expectations
EMP016,2023-06-30,2023-H1,3.4,76,Meets expectations
EMP016,2023-12-31,2023-H2,3.3,84,Strong progress
EMP016,2024-06-30,2024-H1,3.0,92,Strong progress
EMP016,2024-12-31,2024-H2,3.5,83,Strong progress
EMP016,2025-06-30,2025-H1,3.8,90,Needs support
EMP016,2025-12-31,2025-H2,3.6,89,Needs support
EMP017,2023-06-30,2023-H1,3.4,75,Needs support
EMP017,2023-12-31,2023-H2,3.6,92,Exceeds expectations
EMP017,2024-06-30,2024-H1,3.5,84,Meets expectations
EMP017,2024-12-31,2024-H2,2.8,82,Strong progress
EMP017,2025-06-30,2025-H1,3.3,82,Meets expectations
EMP017,2025-12-31,2025-H2,3.4,70,Exceeds expectations
EMP018,2023-06-30,2023-H1,3.9,94,Needs support
EMP018,2023-12-31,2023-H2,3.4,90,Strong progress
EMP018,2024-06-30,2024-H1,3.7,87,Meets expectations
EMP018,2024-12-31,2024-H2,3.9,96,Meets expectations
EMP018,2025-06-30,2025-H1,3.6,84,Meets expectations
EMP018,2025-12-31,2025-H2,3.1,81,Meets expectations
EMP019,2023-06-30,2023-H1,3.2,59,Exceeds expectations
EMP019,2023-12-31,2023-H2,3.8,54,Strong progress
EMP019,2024-06-30,2024-H1,3.7,59,Meets expectations
EMP019,2024-12-31,2024-H2,3.1,53,Needs support
EMP019,2025-06-30,2025-H1,3.1,52,Strong progress
EMP019,2025-12-31,2025-H2,3.1,64,Strong progress
EMP020,2023-06-30,2023-H1,3.8,94,Needs support
EMP020,2023-12-31,2023-H2,4.1,95,Strong progress
EMP020,2024-06-30,2024-H1,4.3,96,Meets expectations
EMP020,2024-12-31,2024-H2,3.9,95,Meets expectations
EMP020,2025-06-30,2025-H1,4.2,86,Exceeds expectations
EMP020,2025-12-31,2025-H2,4.2,86,Needs support
EMP021,2023-06-30,2023-H1,3.0,95,Exceeds expectations
EMP021,2023-12-31,2023-H2,3.2,87,Strong progress
EMP021,2024-06-30,2024-H1,3.1,85,Exceeds expectations
EMP021,2024-12-31,2024-H2,3.1,90,Exceeds expectations
EMP021,2025-06-30,2025-H1,3.0,82,Needs support
EMP021,2025-12-31,2025-H2,2.7,84,Exceeds expectations
EMP022,2023-06-30,2023-H1,3.8,57,Meets expectations
EMP022,2023-12-31,2023-H2,4.0,58,Exceeds expectations
EMP022,2024-06-30,2024-H1,4.0,58,Meets expectations
EMP022,2024-12-31,2024-H2,4.5,47,Exceeds expectations
EMP022,2025-06-30,2025-H1,4.6,45,Meets expectations
EMP022,2025-12-31,2025-H2,4.1,58,Meets expectations
EMP023,2023-06-30,2023-H1,3.8,70,Strong progress
EMP023,2023-12-31,2023-H2,3.6,70,Strong progress
EMP023,2024-06-30,2024-H1,4.1,76,Meets expectations
EMP023,2024-12-31,2024-H2,3.0,68,Strong progress
EMP023,2025-06-30,2025-H1,3.8,67,Exceeds expectations
EMP023,2025-12-31,2025-H2,3.6,67,Strong progress
EMP024,2023-06-30,2023-H1,3.0,67,Needs support
EMP024,2023-12-31,2023-H2,3.5,67,Strong progress
EMP024,2024-06-30,2024-H1,3.6,59,Meets expectations
EMP024,2024-12-31,2024-H2,3.5,66,Exceeds expectations
EMP024,2025-06-30,2025-H1,3.7,75,Strong progress
EMP024,2025-12-31,2025-H2,3.9,59,Needs support
EMP025,2023-06-30,2023-H1,2.7,90,Exceeds expectations
EMP025,2023-12-31,2023-H2,3.0,80,Meets expectations
EMP025,2024-06-30,2024-H1,3.2,98,Needs support
EMP025,2024-12-31,2024-H2,3.0,86,Exceeds expectations
EMP025,2025-06-30,2025-H1,2.9,88,Strong progress
EMP025,2025-12-31,2025-H2,3.2,77,Exceeds expectations
EMP026,2023-06-30,2023-H1,3.2,87,Meets expectations
EMP026,2023-12-31,2023-H2,3.6,94,Needs support
EMP026,2024-06-30,2024-H1,3.4,81,Exceeds expectations
EMP026,2024-12-31,2024-H2,4.0,89,Exceeds expectations
EMP026,2025-06-30,2025-H1,3.7,79,Meets expectations
EMP026,2025-12-31,2025-H2,3.9,90,Strong progress
EMP027,2023-06-30,2023-H1,3.0,93,Needs support
EMP027,2023-12-31,2023-H2,2.7,77,Needs support
EMP027,2024-06-30,2024-H1,2.8,93,Needs support
EMP027,2024-12-31,2024-H2,2.6,86,Strong progress
EMP027,2025-06-30,2025-H1,2.4,82,Exceeds expectations
EMP027,2025-12-31,2025-H2,2.2,81,Needs support
EMP028,2023-06-30,2023-H1,3.0,65,Exceeds expectations
EMP028,2023-12-31,2023-H2,2.3,69,Needs support
EMP028,2024-06-30,2024-H1,3.6,75,Meets expectations
EMP028,2024-12-31,2024-H2,3.1,78,Exceeds expectations
EMP028,2025-06-30,2025-H1,3.3,71,Needs support
EMP028,2025-12-31,2025-H2,3.3,71,Needs support
EMP029,2023-06-30,2023-H1,3.4,62,Meets expectations
EMP029,2023-12-31,2023-H2,3.8,68,Needs support
EMP029,2024-06-30,2024-H1,3.4,58,Meets expectations
EMP029,2024-12-31,2024-H2,3.7,54,Exceeds expectations
EMP029,2025-06-30,2025-H1,4.0,55,Needs support
EMP029,2025-12-31,2025-H2,3.8,70,Meets expectations
EMP030,2023-06-30,2023-H1,3.1,75,Strong progress
EMP030,2023-12-31,2023-H2,3.4,75,Needs support
EMP030,2024-06-30,2024-H1,3.4,69,Needs support
EMP030,2024-12-31,2024-H2,3.3,82,Strong progress
EMP030,2025-06-30,2025-H1,3.2,77,Needs support
EMP030,2025-12-31,2025-H2,3.5,84,Meets expectations
EMP031,2023-06-30,2023-H1,3.8,49,Strong progress
EMP031,2023-12-31,2023-H2,3.8,71,Needs support
EMP031,2024-06-30,2024-H1,3.5,62,Strong progress
EMP031,2024-12-31,2024-H2,3.5,56,Needs support
EMP031,2025-06-30,2025-H1,3.6,66,Exceeds expectations
EMP031,2025-12-31,2025-H2,3.7,56,Needs support
EMP032,2023-06-30,2023-H1,3.9,61,Exceeds expectations
EMP032,2023-12-31,2023-H2,3.5,74,Exceeds expectations
EMP032,2024-06-30,2024-H1,3.8,67,Exceeds expectations
EMP032,2024-12-31,2024-H2,3.4,75,Exceeds expectations
EMP032,2025-06-30,2025-H1,2.7,71,Meets expectations
EMP032,2025-12-31,2025-H2,2.6,67,Needs support
EMP033,2023-06-30,2023-H1,4.0,60,Meets expectations
EMP033,2023-12-31,2023-H2,3.9,62,Exceeds expectations
EMP033,2024-06-30,2024-H1,4.1,60,Strong progress
EMP033,2024-12-31,2024-H2,4.1,62,Exceeds expectations
EMP033,2025-06-30,2025-H1,4.1,67,Needs support
EMP033,2025-12-31,2025-H2,4.1,62,Strong progress
EMP034,2023-06-30,2023-H1,2.7,89,Strong progress
EMP034,2023-12-31,2023-H2,2.2,86,Meets expectations
EMP034,2024-06-30,2024-H1,2.2,87,Meets expectations
EMP034,2024-12-31,2024-H2,2.2,85,Meets expectations
EMP034,2025-06-30,2025-H1,2.2,86,Strong progress
EMP034,2025-12-31,2025-H2,2.2,80,Exceeds expectations
EMP035,2023-06-30,2023-H1,3.5,65,Needs support
EMP035,2023-12-31,2023-H2,3.9,61,Exceeds expectations
EMP035,2024-06-30,2024-H1,3.8,70,Meets expectations
EMP035,2024-12-31,2024-H2,3.6,77,Needs support
EMP035,2025-06-30,2025-H1,3.8,71,Exceeds expectations
EMP035,2025-12-31,2025-H2,4.0,73,Meets expectations
EMP036,2023-06-30,2023-H1,3.7,60,Exceeds expectations
EMP036,2023-12-31,2023-H2,4.2,60,Needs support
EMP036,2024-06-30,2024-H1,4.3,64,Needs support
EMP036,2024-12-31,2024-H2,4.4,73,Strong progress
EMP036,2025-06-30,2025-H1,4.0,62,Exceeds expectations
EMP036,2025-12-31,2025-H2,4.1,60,Meets expectations
EMP037,2023-06-30,2023-H1,2.8,88,Strong progress
EMP037,2023-12-31,2023-H2,3.4,80,Exceeds expectations
EMP037,2024-06-30,2024-H1,2.9,85,Exceeds expectations
EMP037,2024-12-31,2024-H2,3.0,86,Needs support
EMP037,2025-06-30,2025-H1,3.6,97,Meets expectations
EMP037,2025-12-31,2025-H2,3.6,80,Strong progress
EMP038,2023-06-30,2023-H1,3.8,65,Exceeds expectations
EMP038,2023-12-31,2023-H2,3.7,66,Strong progress
EMP038,2024-06-30,2024-H1,4.1,61,Strong progress
EMP038,2024-12-31,2024-H2,4.0,72,Exceeds expectations
EMP038,2025-06-30,2025-H1,3.9,66,Exceeds expectations
EMP038,2025-12-31,2025-H2,4.2,66,Exceeds expectations
EMP039,2023-06-30,2023-H1,2.2,74,Exceeds expectations
EMP039,2023-12-31,2023-H2,2.5,75,Needs support
EMP039,2024-06-30,2024-H1,2.5,72,Strong progress
EMP039,2024-12-31,2024-H2,2.5,75,Needs support
EMP039,2025-06-30,2025-H1,2.6,73,Meets expectations
EMP039,2025-12-31,2025-H2,2.6,66,Strong progress
EMP040,2023-06-30,2023-H1,3.9,85,Strong progress
EMP040,2023-12-31,2023-H2,4.1,82,Exceeds expectations
EMP040,2024-06-30,2024-H1,4.2,91,Meets expectations
EMP040,2024-12-31,2024-H2,3.8,93,Needs support
EMP040,2025-06-30,2025-H1,4.0,92,Strong progress
EMP040,2025-12-31,2025-H2,3.7,80,Needs support
EMP041,2023-06-30,2023-H1,3.4,66,Needs support
EMP041,2023-12-31,2023-H2,3.5,65,Meets expectations
EMP041,2024-06-30,2024-H1,3.8,72,Strong progress
EMP041,2024-12-31,2024-H2,3.9,76,Strong progress
EMP041,2025-06-30,2025-H1,3.6,70,Meets expectations
EMP041,2025-12-31,2025-H2,4.2,72,Strong progress
EMP042,2023-06-30,2023-H1,4.2,70,Meets expectations
EMP042,2023-12-31,2023-H2,4.1,66,Meets expectations
EMP042,2024-06-30,2024-H1,3.7,73,Strong progress
EMP042,2024-12-31,2024-H2,3.6,66,Meets expectations
EMP042,2025-06-30,2025-H1,3.7,60,Strong progress
EMP042,2025-12-31,2025-H2,3.6,62,Needs support
EMP043,2023-06-30,2023-H1,3.4,84,Exceeds expectations
EMP043,2023-12-31,2023-H2,3.5,73,Strong progress
EMP043,2024-06-30,2024-H1,3.5,77,Strong progress
EMP043,2024-12-31,2024-H2,3.4,81,Strong progress
EMP043,2025-06-30,2025-H1,3.1,82,Needs support
EMP043,2025-12-31,2025-H2,2.9,64,Meets expectations
EMP044,2023-06-30,2023-H1,3.1,91,Strong progress
EMP044,2023-12-31,2023-H2,3.1,100,Strong progress
EMP044,2024-06-30,2024-H1,3.4,92,Strong progress
EMP044,2024-12-31,2024-H2,3.5,91,Needs support
EMP044,2025-06-30,2025-H1,3.1,90,Meets expectations
EMP044,2025-12-31,2025-H2,3.2,79,Needs support
EMP045,2023-06-30,2023-H1,3.9,74,Meets expectations
EMP045,2023-12-31,2023-H2,3.5,68,Needs support
EMP045,2024-06-30,2024-H1,3.8,70,Needs support
EMP045,2024-12-31,2024-H2,3.6,74,Strong progress
EMP045,2025-06-30,2025-H1,3.6,79,Exceeds expectations
EMP045,2025-12-31,2025-H2,4.0,87,Needs support
EMP046,2023-06-30,2023-H1,4.0,81,Exceeds expectations
EMP046,2023-12-31,2023-H2,3.7,84,Strong progress
EMP046,2024-06-30,2024-H1,4.2,91,Meets expectations
EMP046,2024-12-31,2024-H2,4.2,96,Meets expectations
EMP046,2025-06-30,2025-H1,4.0,82,Strong progress
EMP046,2025-12-31,2025-H2,3.7,83,Exceeds expectations
EMP047,2023-06-30,2023-H1,2.9,61,Exceeds expectations
EMP047,2023-12-31,2023-H2,3.0,68,Exceeds expectations
EMP047,2024-06-30,2024-H1,3.5,63,Exceeds expectations
EMP047,2024-12-31,2024-H2,3.4,65,Needs support
EMP047,2025-06-30,2025-H1,3.3,62,Meets expectations
EMP047,2025-12-31,2025-H2,3.1,66,Needs support
EMP048,2023-06-30,2023-H1,4.1,86,Needs support
EMP048,2023-12-31,2023-H2,3.9,55,Meets expectations
EMP048,2024-06-30,2024-H1,4.0,75,Needs support
EMP048,2024-12-31,2024-H2,3.9,70,Needs support
EMP048,2025-06-30,2025-H1,3.9,76,Exceeds expectations
EMP048,2025-12-31,2025-H2,4.1,76,Strong progress
EMP049,2023-06-30,2023-H1,3.2,59,Strong progress
EMP049,2023-12-31,2023-H2,3.2,66,Strong progress
EMP049,2024-06-30,2024-H1,3.1,74,Exceeds expectations
EMP049,2024-12-31,2024-H2,3.2,58,Exceeds expectations
EMP049,2025-06-30,2025-H1,2.6,70,Needs support
EMP049,2025-12-31,2025-H2,2.6,61,Exceeds expectations
EMP050,2023-06-30,2023-H1,2.9,94,Exceeds expectations
EMP050,2023-12-31,2023-H2,3.3,86,Exceeds expectations
EMP050,2024-06-30,2024-H1,3.0,87,Strong progress
EMP050,2024-12-31,2024-H2,3.5,83,Strong progress
EMP050,2025-06-30,2025-H1,2.9,86,Needs support
EMP050,2025-12-31,2025-H2,3.2,90,Needs support
EMP051,2023-06-30,2023-H1,4.0,77,Meets expectations
EMP051,2023-12-31,2023-H2,4.2,68,Strong progress
EMP051,2024-06-30,2024-H1,4.1,80,Exceeds expectations
EMP051,2024-12-31,2024-H2,4.4,72,Needs support
EMP051,2025-06-30,2025-H1,3.7,83,Meets expectations
EMP051,2025-12-31,2025-H2,4.8,85,Exceeds expectations
EMP052,2023-06-30,2023-H1,2.9,75,Exceeds expectations
EMP052,2023-12-31,2023-H2,2.8,84,Needs support
EMP052,2024-06-30,2024-H1,2.9,77,Needs support
EMP052,2024-12-31,2024-H2,2.9,66,Needs support
EMP052,2025-06-30,2025-H1,3.3,84,Strong progress
EMP052,2025-12-31,2025-H2,3.4,83,Meets expectations
EMP053,2023-06-30,2023-H1,3.2,76,Exceeds expectations
EMP053,2023-12-31,2023-H2,3.5,73,Meets expectations
EMP053,2024-06-30,2024-H1,3.6,69,Meets expectations
EMP053,2024-12-31,2024-H2,3.7,81,Needs support
EMP053,2025-06-30,2025-H1,3.9,74,Exceeds expectations
EMP053,2025-12-31,2025-H2,4.0,77,Meets expectations
EMP054,2023-06-30,2023-H1,2.8,77,Needs support
EMP054,2023-12-31,2023-H2,2.6,79,Meets expectations
EMP054,2024-06-30,2024-H1,2.4,71,Exceeds expectations
EMP054,2024-12-31,2024-H2,2.4,73,Exceeds expectations
EMP054,2025-06-30,2025-H1,2.4,80,Strong progress
EMP054,2025-12-31,2025-H2,2.4,81,Strong progress
EMP055,2023-06-30,2023-H1,3.7,94,Strong progress
EMP055,2023-12-31,2023-H2,3.5,92,Exceeds expectations
EMP055,2024-06-30,2024-H1,3.1,100,Exceeds expectations
EMP055,2024-12-31,2024-H2,3.0,84,Meets expectations
EMP055,2025-06-30,2025-H1,3.0,82,Meets expectations
EMP055,2025-12-31,2025-H2,2.7,91,Strong progress
EMP056,2023-06-30,2023-H1,2.6,69,Needs support
EMP056,2023-12-31,2023-H2,2.5,69,Strong progress
EMP056,2024-06-30,2024-H1,2.6,70,Strong progress
EMP056,2024-12-31,2024-H2,2.8,64,Meets expectations
EMP056,2025-06-30,2025-H1,2.6,74,Exceeds expectations
EMP056,2025-12-31,2025-H2,3.4,74,Strong progress
EMP057,2023-06-30,2023-H1,2.4,85,Meets expectations
EMP057,2023-12-31,2023-H2,2.6,84,Meets expectations
EMP057,2024-06-30,2024-H1,2.8,76,Strong progress
EMP057,2024-12-31,2024-H2,2.6,98,Needs support
EMP057,2025-06-30,2025-H1,2.4,91,Exceeds expectations
EMP057,2025-12-31,2025-H2,2.5,79,Meets expectations
EMP058,2023-06-30,2023-H1,3.2,74,Strong progress
EMP058,2023-12-31,2023-H2,3.1,95,Strong progress
EMP058,2024-06-30,2024-H1,2.7,87,Exceeds expectations
EMP058,2024-12-31,2024-H2,3.2,89,Exceeds expectations
EMP058,2025-06-30,2025-H1,2.9,74,Meets expectations
EMP058,2025-12-31,2025-H2,3.2,81,Needs support
EMP059,2023-06-30,2023-H1,3.7,53,Meets expectations
EMP059,2023-12-31,2023-H2,4.0,60,Meets expectations
EMP059,2024-06-30,2024-H1,4.0,62,Needs support
EMP059,2024-12-31,2024-H2,3.9,48,Needs support
EMP059,2025-06-30,2025-H1,3.6,49,Strong progress
EMP059,2025-12-31,2025-H2,3.0,58,Strong progress
EMP060,2023-06-30,2023-H1,2.5,97,Exceeds expectations
EMP060,2023-12-31,2023-H2,2.8,90,Strong progress
EMP060,2024-06-30,2024-H1,2.3,87,Exceeds expectations
EMP060,2024-12-31,2024-H2,2.7,100,Exceeds expectations
EMP060,2025-06-30,2025-H1,2.5,89,Needs support
EMP060,2025-12-31,2025-H2,2.0,81,Exceeds expectations
EMP061,2023-06-30,2023-H1,4.1,58,Strong progress
EMP061,2023-12-31,2023-H2,4.0,60,Needs support
EMP061,2024-06-30,2024-H1,3.7,59,Meets expectations
EMP061,2024-12-31,2024-H2,3.4,59,Needs support
EMP061,2025-06-30,2025-H1,3.9,62,Needs support
EMP061,2025-12-31,2025-H2,3.6,53,Meets expectations
EMP062,2023-06-30,2023-H1,4.0,81,Strong progress
EMP062,2023-12-31,2023-H2,4.1,73,Needs support
EMP062,2024-06-30,2024-H1,3.8,60,Needs support
EMP062,2024-12-31,2024-H2,3.2,63,Strong progress
EMP062,2025-06-30,2025-H1,3.5,64,Meets expectations
EMP062,2025-12-31,2025-H2,3.5,59,Meets expectations
EMP063,2023-06-30,2023-H1,2.8,88,Meets expectations
EMP063,2023-12-31,2023-H2,2.3,85,Strong progress
EMP063,2024-06-30,2024-H1,2.6,82,Needs support
EMP063,2024-12-31,2024-H2,2.2,86,Meets expectations
EMP063,2025-06-30,2025-H1,2.3,65,Exceeds expectations
EMP063,2025-12-31,2025-H2,1.7,77,Needs support
EMP064,2023-06-30,2023-H1,4.2,70,Strong progress
EMP064,2023-12-31,2023-H2,4.1,80,Needs support
EMP064,2024-06-30,2024-H1,4.4,83,Meets expectations
EMP064,2024-12-31,2024-H2,3.8,79,Meets expectations
EMP064,2025-06-30,2025-H1,4.2,74,Strong progress
EMP064,2025-12-31,2025-H2,4.3,79,Exceeds expectations
EMP065,2023-06-30,2023-H1,4.1,61,Exceeds expectations
EMP065,2023-12-31,2023-H2,4.1,59,Exceeds expectations
EMP065,2024-06-30,2024-H1,4.4,67,Needs support
EMP065,2024-12-31,2024-H2,4.4,65,Needs support
EMP065,2025-06-30,2025-H1,4.3,72,Strong progress
EMP065,2025-12-31,2025-H2,4.4,69,Strong progress
EMP066,2023-06-30,2023-H1,2.8,79,Needs support
EMP066,2023-12-31,2023-H2,2.5,90,Exceeds expectations
EMP066,2024-06-30,2024-H1,2.2,86,Meets expectations
EMP066,2024-12-31,2024-H2,2.6,95,Exceeds expectations
EMP066,2025-06-30,2025-H1,2.7,90,Needs support
EMP066,2025-12-31,2025-H2,2.8,90,Needs support
EMP067,2023-06-30,2023-H1,3.4,73,Meets expectations
EMP067,2023-12-31,2023-H2,3.3,80,Exceeds expectations
EMP067,2024-06-30,2024-H1,4.0,89,Needs support
EMP067,2024-12-31,2024-H2,3.6,75,Strong progress
EMP067,2025-06-30,2025-H1,3.2,83,Meets expectations
EMP067,2025-12-31,2025-H2,3.7,78,Meets expectations
EMP068,2023-06-30,2023-H1,3.9,70,Meets expectations
EMP068,2023-12-31,2023-H2,4.2,64,Meets expectations
EMP068,2024-06-30,2024-H1,3.7,86,Meets expectations
EMP068,2024-12-31,2024-H2,4.3,84,Needs support
EMP068,2025-06-30,2025-H1,4.3,85,Strong progress
EMP068,2025-12-31,2025-H2,4.5,80,Needs support
EMP069,2023-06-30,2023-H1,3.0,74,Meets expectations
EMP069,2023-12-31,2023-H2,3.0,85,Exceeds expectations
EMP069,2024-06-30,2024-H1,2.8,89,Needs support
EMP069,2024-12-31,2024-H2,3.1,100,Exceeds expectations
EMP069,2025-06-30,2025-H1,3.0,77,Exceeds expectations
EMP069,2025-12-31,2025-H2,2.6,86,Meets expectations
EMP070,2023-06-30,2023-H1,2.9,53,Exceeds expectations
EMP070,2023-12-31,2023-H2,2.7,62,Exceeds expectations
EMP070,2024-06-30,2024-H1,2.2,56,Meets expectations
EMP070,2024-12-31,2024-H2,2.3,56,Strong progress
EMP070,2025-06-30,2025-H1,2.4,57,Meets expectations
EMP070,2025-12-31,2025-H2,2.2,62,Exceeds expectations
EMP071,2023-06-30,2023-H1,2.8,78,Meets expectations
EMP071,2023-12-31,2023-H2,2.9,82,Exceeds expectations
EMP071,2024-06-30,2024-H1,2.9,88,Exceeds expectations
EMP071,2024-12-31,2024-H2,2.6,77,Exceeds expectations
EMP071,2025-06-30,2025-H1,2.4,77,Strong progress
EMP071,2025-12-31,2025-H2,2.7,80,Exceeds expectations
EMP072,2023-06-30,2023-H1,2.8,64,Exceeds expectations
EMP072,2023-12-31,2023-H2,2.7,62,Needs support
EMP072,2024-06-30,2024-H1,2.4,63,Strong progress
EMP072,2024-12-31,2024-H2,2.7,55,Exceeds expectations
EMP072,2025-06-30,2025-H1,2.8,64,Exceeds expectations
EMP072,2025-12-31,2025-H2,2.7,61,Meets expectations
EMP073,2023-06-30,2023-H1,3.1,75,Meets expectations
EMP073,2023-12-31,2023-H2,2.9,83,Strong progress
EMP073,2024-06-30,2024-H1,3.8,70,Needs support
EMP073,2024-12-31,2024-H2,3.6,72,Meets expectations
EMP073,2025-06-30,2025-H1,3.8,83,Strong progress
EMP073,2025-12-31,2025-H2,3.6,70,Exceeds expectations
EMP074,2023-06-30,2023-H1,3.0,75,Meets expectations
EMP074,2023-12-31,2023-H2,3.0,84,Meets expectations
EMP074,2024-06-30,2024-H1,3.2,73,Exceeds expectations
EMP074,2024-12-31,2024-H2,3.1,73,Meets expectations
EMP074,2025-06-30,2025-H1,3.2,89,Meets expectations
EMP074,2025-12-31,2025-H2,3.2,82,Exceeds expectations
EMP075,2023-06-30,2023-H1,2.4,45,Exceeds expectations
EMP075,2023-12-31,2023-H2,2.7,63,Strong progress
EMP075,2024-06-30,2024-H1,2.3,66,Meets expectations
EMP075,2024-12-31,2024-H2,2.6,60,Strong progress
EMP075,2025-06-30,2025-H1,3.0,52,Meets expectations
EMP075,2025-12-31,2025-H2,3.3,67,Meets expectations
EMP076,2023-06-30,2023-H1,3.6,95,Exceeds expectations
EMP076,2023-12-31,2023-H2,3.3,85,Needs support
EMP076,2024-06-30,2024-H1,3.6,84,Strong progress
EMP076,2024-12-31,2024-H2,3.4,95,Strong progress
EMP076,2025-06-30,2025-H1,3.4,87,Exceeds expectations
EMP076,2025-12-31,2025-H2,3.1,89,Exceeds expectations
EMP077,2023-06-30,2023-H1,3.6,55,Needs support
EMP077,2023-12-31,2023-H2,3.3,58,Meets expectations
EMP077,2024-06-30,2024-H1,3.5,56,Exceeds expectations
EMP077,2024-12-31,2024-H2,3.6,51,Exceeds expectations
EMP077,2025-06-30,2025-H1,2.6,64,Needs support
EMP077,2025-12-31,2025-H2,3.0,58,Needs support
EMP078,2023-06-30,2023-H1,2.5,66,Strong progress
EMP078,2023-12-31,2023-H2,2.4,75,Needs support
EMP078,2024-06-30,2024-H1,2.5,87,Strong progress
EMP078,2024-12-31,2024-H2,2.0,69,Exceeds expectations
EMP078,2025-06-30,2025-H1,2.3,74,Exceeds expectations
EMP078,2025-12-31,2025-H2,1.5,75,Exceeds expectations
EMP079,2023-06-30,2023-H1,3.2,60,Needs support
EMP079,2023-12-31,2023-H2,3.1,64,Strong progress
EMP079,2024-06-30,2024-H1,3.3,59,Strong progress
EMP079,2024-12-31,2024-H2,2.6,55,Needs support
EMP079,2025-06-30,2025-H1,3.1,69,Needs support
EMP079,2025-12-31,2025-H2,3.7,56,Needs support
EMP080,2023-06-30,2023-H1,3.4,54,Meets expectations
EMP080,2023-12-31,2023-H2,3.9,59,Meets expectations
EMP080,2024-06-30,2024-H1,3.5,65,Exceeds expectations
EMP080,2024-12-31,2024-H2,3.5,59,Exceeds expectations
EMP080,2025-06-30,2025-H1,3.7,67,Meets expectations
EMP080,2025-12-31,2025-H2,3.6,58,Meets expectations
EMP081,2023-06-30,2023-H1,2.6,71,Exceeds expectations
EMP081,2023-12-31,2023-H2,2.6,62,Needs support
EMP081,2024-06-30,2024-H1,2.3,68,Meets expectations
EMP081,2024-12-31,2024-H2,2.9,85,Strong progress
EMP081,2025-06-30,2025-H1,3.1,76,Exceeds expectations
EMP081,2025-12-31,2025-H2,2.9,77,Needs support
EMP082,2023-06-30,2023-H1,4.4,75,Meets expectations
EMP082,2023-12-31,2023-H2,4.3,71,Exceeds expectations
EMP082,2024-06-30,2024-H1,4.4,83,Meets expectations
EMP082,2024-12-31,2024-H2,4.1,79,Exceeds expectations
EMP082,2025-06-30,2025-H1,3.8,77,Meets expectations
EMP082,2025-12-31,2025-H2,3.7,82,Needs support
EMP083,2023-06-30,2023-H1,4.4,61,Strong progress
EMP083,2023-12-31,2023-H2,4.1,69,Needs support
EMP083,2024-06-30,2024-H1,4.1,77,Needs support
EMP083,2024-12-31,2024-H2,4.6,65,Strong progress
EMP083,2025-06-30,2025-H1,4.0,63,Exceeds expectations
EMP083,2025-12-31,2025-H2,4.4,57,Strong progress
EMP084,2023-06-30,2023-H1,2.4,87,Strong progress
EMP084,2023-12-31,2023-H2,2.4,83,Needs support
EMP084,2024-06-30,2024-H1,2.6,87,Meets expectations
EMP084,2024-12-31,2024-H2,2.3,82,Needs support
EMP084,2025-06-30,2025-H1,2.0,73,Needs support
EMP084,2025-12-31,2025-H2,2.2,83,Needs support
EMP085,2023-06-30,2023-H1,3.7,78,Exceeds expectations
EMP085,2023-12-31,2023-H2,3.5,81,Strong progress
EMP085,2024-06-30,2024-H1,3.6,80,Strong progress
EMP085,2024-12-31,2024-H2,2.9,76,Needs support
EMP085,2025-06-30,2025-H1,2.7,73,Exceeds expectations
EMP085,2025-12-31,2025-H2,2.8,83,Meets expectations
EMP086,2023-06-30,2023-H1,3.0,76,Needs support
EMP086,2023-12-31,2023-H2,3.7,71,Exceeds expectations
EMP086,2024-06-30,2024-H1,3.3,76,Strong progress
EMP086,2024-12-31,2024-H2,3.0,77,Meets expectations
EMP086,2025-06-30,2025-H1,3.2,89,Exceeds expectations
EMP086,2025-12-31,2025-H2,2.7,79,Exceeds expectations
EMP087,2023-06-30,2023-H1,3.2,60,Needs support
EMP087,2023-12-31,2023-H2,3.0,49,Needs support
EMP087,2024-06-30,2024-H1,3.2,46,Meets expectations
EMP087,2024-12-31,2024-H2,2.4,54,Exceeds expectations
EMP087,2025-06-30,2025-H1,3.1,52,Strong progress
EMP087,2025-12-31,2025-H2,2.8,53,Exceeds expectations
EMP088,2023-06-30,2023-H1,3.7,87,Meets expectations
EMP088,2023-12-31,2023-H2,3.6,77,Strong progress
EMP088,2024-06-30,2024-H1,3.8,90,Strong progress
EMP088,2024-12-31,2024-H2,3.5,86,Meets expectations
EMP088,2025-06-30,2025-H1,3.1,74,Meets expectations
EMP088,2025-12-31,2025-H2,3.0,97,Meets expectations
EMP089,2023-06-30,2023-H1,2.9,81,Strong progress
EMP089,2023-12-31,2023-H2,2.2,94,Exceeds expectations
EMP089,2024-06-30,2024-H1,2.5,76,Meets expectations
EMP089,2024-12-31,2024-H2,2.5,86,Exceeds expectations
EMP089,2025-06-30,2025-H1,2.1,89,Strong progress
EMP089,2025-12-31,2025-H2,2.3,70,Meets expectations
EMP090,2023-06-30,2023-H1,4.0,88,Strong progress
EMP090,2023-12-31,2023-H2,3.7,85,Needs support
EMP090,2024-06-30,2024-H1,3.8,93,Exceeds expectations
EMP090,2024-12-31,2024-H2,3.9,89,Exceeds expectations
EMP090,2025-06-30,2025-H1,3.9,92,Exceeds expectations
EMP090,2025-12-31,2025-H2,3.8,87,Needs support
EMP091,2023-06-30,2023-H1,3.0,76,Strong progress
EMP091,2023-12-31,2023-H2,3.2,86,Strong progress
EMP091,2024-06-30,2024-H1,3.1,89,Strong progress
EMP091,2024-12-31,2024-H2,2.8,91,Strong progress
EMP091,2025-06-30,2025-H1,2.7,91,Strong progress
EMP091,2025-12-31,2025-H2,2.4,83,Strong progress
EMP092,2023-06-30,2023-H1,4.3,78,Exceeds expectations
EMP092,2023-12-31,2023-H2,3.8,85,Meets expectations
EMP092,2024-06-30,2024-H1,3.7,74,Meets expectations
EMP092,2024-12-31,2024-H2,3.8,71,Needs support
EMP092,2025-06-30,2025-H1,3.8,80,Strong progress
EMP092,2025-12-31,2025-H2,3.4,67,Strong progress
EMP093,2023-06-30,2023-H1,3.6,87,Meets expectations
EMP093,2023-12-31,2023-H2,3.7,94,Meets expectations
EMP093,2024-06-30,2024-H1,3.0,94,Strong progress
EMP093,2024-12-31,2024-H2,3.4,93,Needs support
EMP093,2025-06-30,2025-H1,3.3,88,Meets expectations
EMP093,2025-12-31,2025-H2,3.5,91,Exceeds expectations
EMP094,2023-06-30,2023-H1,2.4,57,Strong progress
EMP094,2023-12-31,2023-H2,2.4,72,Meets expectations
EMP094,2024-06-30,2024-H1,2.2,85,Needs support
EMP094,2024-12-31,2024-H2,2.0,63,Needs support
EMP094,2025-06-30,2025-H1,2.5,73,Strong progress
EMP094,2025-12-31,2025-H2,1.8,72,Meets expectations
EMP095,2023-06-30,2023-H1,3.1,62,Meets expectations
EMP095,2023-12-31,2023-H2,3.1,56,Exceeds expectations
EMP095,2024-06-30,2024-H1,3.4,50,Strong progress
EMP095,2024-12-31,2024-H2,2.7,69,Strong progress
EMP095,2025-06-30,2025-H1,3.4,58,Meets expectations
EMP095,2025-12-31,2025-H2,3.4,48,Meets expectations
EMP096,2023-06-30,2023-H1,2.7,52,Strong progress
EMP096,2023-12-31,2023-H2,3.4,56,Strong progress
EMP096,2024-06-30,2024-H1,2.9,54,Meets expectations
EMP096,2024-12-31,2024-H2,3.0,61,Needs support
EMP096,2025-06-30,2025-H1,3.5,60,Meets expectations
EMP096,2025-12-31,2025-H2,3.0,68,Meets expectations
EMP097,2023-06-30,2023-H1,3.3,65,Exceeds expectations
EMP097,2023-12-31,2023-H2,3.1,65,Exceeds expectations
EMP097,2024-06-30,2024-H1,3.7,68,Needs support
EMP097,2024-12-31,2024-H2,3.6,60,Exceeds expectations
EMP097,2025-06-30,2025-H1,3.8,67,Meets expectations
EMP097,2025-12-31,2025-H2,3.8,68,Strong progress
EMP098,2023-06-30,2023-H1,2.9,66,Needs support
EMP098,2023-12-31,2023-H2,3.5,69,Strong progress
EMP098,2024-06-30,2024-H1,3.7,75,Needs support
EMP098,2024-12-31,2024-H2,3.3,76,Strong progress
EMP098,2025-06-30,2025-H1,3.6,84,Exceeds expectations
EMP098,2025-12-31,2025-H2,3.6,77,Needs support
EMP099,2023-06-30,2023-H1,2.5,70,Strong progress
EMP099,2023-12-31,2023-H2,2.7,65,Meets expectations
EMP099,2024-06-30,2024-H1,2.4,86,Strong progress
EMP099,2024-12-31,2024-H2,3.0,70,Strong progress
EMP099,2025-06-30,2025-H1,2.8,74,Strong progress
EMP099,2025-12-31,2025-H2,3.2,73,Needs support
EMP100,2023-06-30,2023-H1,3.8,66,Needs support
EMP100,2023-12-31,2023-H2,3.6,63,Strong progress
EMP100,2024-06-30,2024-H1,3.8,60,Strong progress
EMP100,2024-12-31,2024-H2,3.6,66,Meets expectations
EMP100,2025-06-30,2025-H1,3.9,60,Meets expectations
EMP100,2025-12-31,2025-H2,3.6,62,Exceeds expectations
EMP101,2023-06-30,2023-H1,3.4,68,Exceeds expectations
EMP101,2023-12-31,2023-H2,2.8,69,Needs support
EMP101,2024-06-30,2024-H1,3.2,53,Meets expectations
EMP101,2024-12-31,2024-H2,3.3,57,Needs support
EMP101,2025-06-30,2025-H1,3.2,65,Meets expectations
EMP101,2025-12-31,2025-H2,2.8,57,Strong progress
EMP102,2023-06-30,2023-H1,2.9,71,Meets expectations
EMP102,2023-12-31,2023-H2,2.3,76,Strong progress
EMP102,2024-06-30,2024-H1,2.2,76,Meets expectations
EMP102,2024-12-31,2024-H2,2.3,69,Needs support
EMP102,2025-06-30,2025-H1,2.4,74,Needs support
EMP102,2025-12-31,2025-H2,2.1,70,Strong progress
EMP103,2023-06-30,2023-H1,3.7,61,Strong progress
EMP103,2023-12-31,2023-H2,3.8,62,Exceeds expectations
EMP103,2024-06-30,2024-H1,3.7,66,Needs support
EMP103,2024-12-31,2024-H2,3.9,65,Needs support
EMP103,2025-06-30,2025-H1,4.2,49,Strong progress
EMP103,2025-12-31,2025-H2,3.7,54,Exceeds expectations
EMP104,2023-06-30,2023-H1,2.7,58,Meets expectations
EMP104,2023-12-31,2023-H2,3.0,71,Meets expectations
EMP104,2024-06-30,2024-H1,2.3,71,Strong progress
EMP104,2024-12-31,2024-H2,2.4,64,Strong progress
EMP104,2025-06-30,2025-H1,2.9,66,Strong progress
EMP104,2025-12-31,2025-H2,2.3,69,Meets expectations
EMP105,2023-06-30,2023-H1,3.5,73,Meets expectations
EMP105,2023-12-31,2023-H2,3.5,73,Exceeds expectations
EMP105,2024-06-30,2024-H1,3.3,59,Exceeds expectations
EMP105,2024-12-31,2024-H2,3.3,70,Meets expectations
EMP105,2025-06-30,2025-H1,4.0,70,Exceeds expectations
EMP105,2025-12-31,2025-H2,3.6,77,Meets expectations
EMP106,2023-06-30,2023-H1,3.3,76,Meets expectations
EMP106,2023-12-31,2023-H2,3.5,89,Exceeds expectations
EMP106,2024-06-30,2024-H1,4.0,77,Needs support
EMP106,2024-12-31,2024-H2,4.1,78,Meets expectations
EMP106,2025-06-30,2025-H1,4.3,81,Strong progress
EMP106,2025-12-31,2025-H2,3.9,75,Exceeds expectations
EMP107,2023-06-30,2023-H1,3.7,73,Strong progress
EMP107,2023-12-31,2023-H2,3.7,69,Strong progress
EMP107,2024-06-30,2024-H1,4.2,69,Strong progress
EMP107,2024-12-31,2024-H2,4.1,70,Strong progress
EMP107,2025-06-30,2025-H1,4.0,69,Meets expectations
EMP107,2025-12-31,2025-H2,4.3,67,Strong progress
EMP108,2023-06-30,2023-H1,2.7,60,Strong progress
EMP108,2023-12-31,2023-H2,3.1,61,Meets expectations
EMP108,2024-06-30,2024-H1,3.1,57,Exceeds expectations
EMP108,2024-12-31,2024-H2,3.0,68,Meets expectations
EMP108,2025-06-30,2025-H1,3.1,55,Exceeds expectations
EMP108,2025-12-31,2025-H2,3.0,66,Meets expectations
EMP109,2023-06-30,2023-H1,4.0,64,Needs support
EMP109,2023-12-31,2023-H2,4.0,66,Exceeds expectations
EMP109,2024-06-30,2024-H1,4.0,60,Meets expectations
EMP109,2024-12-31,2024-H2,4.1,71,Exceeds expectations
EMP109,2025-06-30,2025-H1,3.5,64,Needs support
EMP109,2025-12-31,2025-H2,3.9,61,Needs support
EMP110,2023-06-30,2023-H1,3.3,79,Strong progress
EMP110,2023-12-31,2023-H2,3.9,74,Meets expectations
EMP110,2024-06-30,2024-H1,3.4,82,Exceeds expectations
EMP110,2024-12-31,2024-H2,3.2,81,Exceeds expectations
EMP110,2025-06-30,2025-H1,3.3,74,Strong progress
EMP110,2025-12-31,2025-H2,3.5,83,Exceeds expectations
EMP111,2023-06-30,2023-H1,3.6,64,Strong progress
EMP111,2023-12-31,2023-H2,3.7,81,Needs support
EMP111,2024-06-30,2024-H1,4.1,69,Meets expectations
EMP111,2024-12-31,2024-H2,3.5,61,Meets expectations
EMP111,2025-06-30,2025-H1,3.6,68,Exceeds expectations
EMP111,2025-12-31,2025-H2,3.9,76,Strong progress
EMP112,2023-06-30,2023-H1,3.7,86,Strong progress
EMP112,2023-12-31,2023-H2,3.9,97,Strong progress
EMP112,2024-06-30,2024-H1,3.3,99,Strong progress
EMP112,2024-12-31,2024-H2,3.1,87,Meets expectations
EMP112,2025-06-30,2025-H1,3.6,88,Needs support
EMP112,2025-12-31,2025-H2,2.9,77,Meets expectations
EMP113,2023-06-30,2023-H1,2.7,78,Needs support
EMP113,2023-12-31,2023-H2,2.9,95,Exceeds expectations
EMP113,2024-06-30,2024-H1,3.0,91,Needs support
EMP113,2024-12-31,2024-H2,2.9,80,Needs support
EMP113,2025-06-30,2025-H1,2.4,88,Meets expectations
EMP113,2025-12-31,2025-H2,2.4,77,Meets expectations
EMP114,2023-06-30,2023-H1,3.1,56,Needs support
EMP114,2023-12-31,2023-H2,3.4,56,Meets expectations
EMP114,2024-06-30,2024-H1,3.2,58,Needs support
EMP114,2024-12-31,2024-H2,3.9,58,Needs support
EMP114,2025-06-30,2025-H1,3.8,64,Exceeds expectations
EMP114,2025-12-31,2025-H2,3.6,58,Needs support
EMP115,2023-06-30,2023-H1,3.9,68,Meets expectations
EMP115,2023-12-31,2023-H2,4.1,79,Needs support
EMP115,2024-06-30,2024-H1,3.6,84,Strong progress
EMP115,2024-12-31,2024-H2,4.2,80,Needs support
EMP115,2025-06-30,2025-H1,3.9,66,Strong progress
EMP115,2025-12-31,2025-H2,4.7,85,Needs support
EMP116,2023-06-30,2023-H1,3.1,57,Exceeds expectations
EMP116,2023-12-31,2023-H2,3.4,57,Strong progress
EMP116,2024-06-30,2024-H1,3.1,43,Needs support
EMP116,2024-12-31,2024-H2,2.8,54,Strong progress
EMP116,2025-06-30,2025-H1,3.2,54,Strong progress
EMP116,2025-12-31,2025-H2,3.1,55,Meets expectations
EMP117,2023-06-30,2023-H1,3.2,82,Strong progress
EMP117,2023-12-31,2023-H2,3.3,89,Needs support
EMP117,2024-06-30,2024-H1,3.4,78,Exceeds expectations
EMP117,2024-12-31,2024-H2,3.3,82,Exceeds expectations
EMP117,2025-06-30,2025-H1,3.1,80,Needs support
EMP117,2025-12-31,2025-H2,3.0,77,Exceeds expectations
EMP118,2023-06-30,2023-H1,3.4,71,Needs support
EMP118,2023-12-31,2023-H2,3.5,66,Exceeds expectations
EMP118,2024-06-30,2024-H1,3.7,66,Meets expectations
EMP118,2024-12-31,2024-H2,3.8,68,Strong progress
EMP118,2025-06-30,2025-H1,3.5,75,Strong progress
EMP118,2025-12-31,2025-H2,4.0,71,Exceeds expectations
EMP119,2023-06-30,2023-H1,2.5,57,Exceeds expectations
EMP119,2023-12-31,2023-H2,3.0,66,Needs support
EMP119,2024-06-30,2024-H1,2.7,60,Exceeds expectations
EMP119,2024-12-31,2024-H2,3.0,58,Exceeds expectations
EMP119,2025-06-30,2025-H1,3.1,64,Meets expectations
EMP119,2025-12-31,2025-H2,3.5,59,Exceeds expectations
EMP120,2023-06-30,2023-H1,3.1,62,Strong progress
EMP120,2023-12-31,2023-H2,3.6,80,Meets expectations
EMP120,2024-06-30,2024-H1,3.2,62,Needs support
EMP120,2024-12-31,2024-H2,3.3,63,Needs support
EMP120,2025-06-30,2025-H1,2.7,68,Meets expectations
EMP120,2025-12-31,2025-H2,3.7,67,Meets expectations
EMP121,2023-06-30,2023-H1,3.1,80,Needs support
EMP121,2023-12-31,2023-H2,3.2,72,Meets expectations
EMP121,2024-06-30,2024-H1,3.1,74,Needs support
EMP121,2024-12-31,2024-H2,2.8,66,Strong progress
EMP121,2025-06-30,2025-H1,2.9,66,Needs support
EMP121,2025-12-31,2025-H2,2.9,67,Meets expectations
EMP122,2023-06-30,2023-H1,3.6,65,Needs support
EMP122,2023-12-31,2023-H2,2.9,59,Strong progress
EMP122,2024-06-30,2024-H1,3.2,70,Needs support
EMP122,2024-12-31,2024-H2,2.5,68,Needs support
EMP122,2025-06-30,2025-H1,2.8,58,Exceeds expectations
EMP122,2025-12-31,2025-H2,2.0,52,Strong progress
EMP123,2023-06-30,2023-H1,4.0,73,Needs support
EMP123,2023-12-31,2023-H2,4.2,70,Meets expectations
EMP123,2024-06-30,2024-H1,4.1,72,Strong progress
EMP123,2024-12-31,2024-H2,4.1,80,Meets expectations
EMP123,2025-06-30,2025-H1,4.1,78,Needs support
EMP123,2025-12-31,2025-H2,3.9,72,Needs support
EMP124,2023-06-30,2023-H1,4.6,71,Needs support
EMP124,2023-12-31,2023-H2,4.0,58,Strong progress
EMP124,2024-06-30,2024-H1,4.1,70,Strong progress
EMP124,2024-12-31,2024-H2,4.0,57,Exceeds expectations
EMP124,2025-06-30,2025-H1,3.6,62,Strong progress
EMP124,2025-12-31,2025-H2,3.7,68,Meets expectations
EMP125,2023-06-30,2023-H1,2.9,56,Meets expectations
EMP125,2023-12-31,2023-H2,3.2,58,Exceeds expectations
EMP125,2024-06-30,2024-H1,3.0,58,Strong progress
EMP125,2024-12-31,2024-H2,3.6,55,Exceeds expectations
EMP125,2025-06-30,2025-H1,3.5,66,Strong progress
EMP125,2025-12-31,2025-H2,3.5,72,Exceeds expectations
EMP126,2023-06-30,2023-H1,4.3,70,Strong progress
EMP126,2023-12-31,2023-H2,4.6,67,Strong progress
EMP126,2024-06-30,2024-H1,4.0,78,Exceeds expectations
EMP126,2024-12-31,2024-H2,3.9,56,Needs support
EMP126,2025-06-30,2025-H1,4.1,69,Needs support
EMP126,2025-12-31,2025-H2,4.4,69,Needs support
EMP127,2023-06-30,2023-H1,2.4,77,Needs support
EMP127,2023-12-31,2023-H2,2.7,68,Strong progress
EMP127,2024-06-30,2024-H1,2.8,86,Exceeds expectations
EMP127,2024-12-31,2024-H2,2.8,74,Meets expectations
EMP127,2025-06-30,2025-H1,2.8,73,Meets expectations
EMP127,2025-12-31,2025-H2,2.8,73,Exceeds expectations
EMP128,2023-06-30,2023-H1,2.6,64,Exceeds expectations
EMP128,2023-12-31,2023-H2,2.5,61,Strong progress
EMP128,2024-06-30,2024-H1,3.3,66,Meets expectations
EMP128,2024-12-31,2024-H2,3.2,66,Needs support
EMP128,2025-06-30,2025-H1,3.2,67,Exceeds expectations
EMP128,2025-12-31,2025-H2,3.1,64,Strong progress
EMP129,2023-06-30,2023-H1,4.3,92,Needs support
EMP129,2023-12-31,2023-H2,3.9,95,Exceeds expectations
EMP129,2024-06-30,2024-H1,4.3,76,Needs support
EMP129,2024-12-31,2024-H2,4.7,98,Exceeds expectations
EMP129,2025-06-30,2025-H1,4.6,95,Exceeds expectations
EMP129,2025-12-31,2025-H2,4.6,85,Meets expectations
EMP130,2023-06-30,2023-H1,3.8,100,Meets expectations
EMP130,2023-12-31,2023-H2,3.7,98,Meets expectations
EMP130,2024-06-30,2024-H1,4.4,97,Exceeds expectations
EMP130,2024-12-31,2024-H2,4.1,97,Exceeds expectations
EMP130,2025-06-30,2025-H1,3.6,99,Meets expectations
EMP130,2025-12-31,2025-H2,4.1,100,Needs support
EMP131,2023-06-30,2023-H1,3.8,64,Exceeds expectations
EMP131,2023-12-31,2023-H2,3.6,61,Strong progress
EMP131,2024-06-30,2024-H1,3.6,66,Needs support
EMP131,2024-12-31,2024-H2,3.9,60,Strong progress
EMP131,2025-06-30,2025-H1,3.5,65,Strong progress
EMP131,2025-12-31,2025-H2,3.9,53,Meets expectations
EMP132,2023-06-30,2023-H1,2.7,95,Meets expectations
EMP132,2023-12-31,2023-H2,2.9,91,Meets expectations
EMP132,2024-06-30,2024-H1,2.8,76,Needs support
EMP132,2024-12-31,2024-H2,3.0,88,Needs support
EMP132,2025-06-30,2025-H1,2.5,82,Strong progress
EMP132,2025-12-31,2025-H2,3.1,84,Meets expectations
EMP133,2023-06-30,2023-H1,3.0,56,Exceeds expectations
EMP133,2023-12-31,2023-H2,2.8,55,Exceeds expectations
EMP133,2024-06-30,2024-H1,2.6,59,Meets expectations
EMP133,2024-12-31,2024-H2,2.6,58,Needs support
EMP133,2025-06-30,2025-H1,3.1,54,Meets expectations
EMP133,2025-12-31,2025-H2,2.9,44,Needs support
EMP134,2023-06-30,2023-H1,3.7,82,Needs support
EMP134,2023-12-31,2023-H2,3.9,88,Needs support
EMP134,2024-06-30,2024-H1,3.7,88,Exceeds expectations
EMP134,2024-12-31,2024-H2,3.4,82,Needs support
EMP134,2025-06-30,2025-H1,3.3,88,Meets expectations
EMP134,2025-12-31,2025-H2,3.3,76,Meets expectations
EMP135,2023-06-30,2023-H1,3.7,56,Exceeds expectations
EMP135,2023-12-31,2023-H2,3.3,58,Needs support
EMP135,2024-06-30,2024-H1,3.1,56,Strong progress
EMP135,2024-12-31,2024-H2,3.3,65,Needs support
EMP135,2025-06-30,2025-H1,3.3,59,Meets expectations
EMP135,2025-12-31,2025-H2,2.5,65,Exceeds expectations
EMP136,2023-06-30,2023-H1,3.8,64,Needs support
EMP136,2023-12-31,2023-H2,4.2,76,Strong progress
EMP136,2024-06-30,2024-H1,4.2,71,Exceeds expectations
EMP136,2024-12-31,2024-H2,4.5,73,Exceeds expectations
EMP136,2025-06-30,2025-H1,4.0,79,Strong progress
EMP136,2025-12-31,2025-H2,4.5,76,Exceeds expectations
EMP137,2023-06-30,2023-H1,3.0,71,Needs support
EMP137,2023-12-31,2023-H2,2.8,72,Exceeds expectations
EMP137,2024-06-30,2024-H1,3.1,73,Strong progress
EMP137,2024-12-31,2024-H2,2.9,61,Meets expectations
EMP137,2025-06-30,2025-H1,2.4,74,Meets expectations
EMP137,2025-12-31,2025-H2,2.6,71,Meets expectations
EMP138,2023-06-30,2023-H1,2.9,52,Needs support
EMP138,2023-12-31,2023-H2,3.0,66,Needs support
EMP138,2024-06-30,2024-H1,3.5,61,Exceeds expectations
EMP138,2024-12-31,2024-H2,3.2,67,Exceeds expectations
EMP138,2025-06-30,2025-H1,3.6,63,Exceeds expectations
EMP138,2025-12-31,2025-H2,3.3,60,Strong progress
EMP139,2023-06-30,2023-H1,2.6,77,Needs support
EMP139,2023-12-31,2023-H2,2.7,62,Exceeds expectations
EMP139,2024-06-30,2024-H1,2.4,63,Needs support
EMP139,2024-12-31,2024-H2,3.0,72,Exceeds expectations
EMP139,2025-06-30,2025-H1,3.1,75,Meets expectations
EMP139,2025-12-31,2025-H2,2.7,66,Strong progress
EMP140,2023-06-30,2023-H1,3.4,55,Exceeds expectations
EMP140,2023-12-31,2023-H2,3.9,60,Needs support
EMP140,2024-06-30,2024-H1,3.9,55,Meets expectations
EMP140,2024-12-31,2024-H2,3.8,60,Meets expectations
EMP140,2025-06-30,2025-H1,3.8,59,Strong progress
EMP140,2025-12-31,2025-H2,4.2,74,Meets expectations
EMP141,2023-06-30,2023-H1,3.9,69,Needs support
EMP141,2023-12-31,2023-H2,3.4,67,Needs support
EMP141,2024-06-30,2024-H1,3.3,59,Needs support
EMP141,2024-12-31,2024-H2,3.1,63,Exceeds expectations
EMP141,2025-06-30,2025-H1,3.4,64,Meets expectations
EMP141,2025-12-31,2025-H2,3.4,63,Needs support
EMP142,2023-06-30,2023-H1,4.2,72,Meets expectations
EMP142,2023-12-31,2023-H2,4.4,83,Strong progress
EMP142,2024-06-30,2024-H1,3.8,71,Exceeds expectations
EMP142,2024-12-31,2024-H2,3.6,64,Needs support
EMP142,2025-06-30,2025-H1,3.6,68,Needs support
EMP142,2025-12-31,2025-H2,3.2,62,Exceeds expectations
EMP143,2023-06-30,2023-H1,3.2,60,Meets expectations
EMP143,2023-12-31,2023-H2,3.5,58,Exceeds expectations
EMP143,2024-06-30,2024-H1,3.6,68,Meets expectations
EMP143,2024-12-31,2024-H2,3.9,64,Exceeds expectations
EMP143,2025-06-30,2025-H1,3.6,67,Needs support
EMP143,2025-12-31,2025-H2,4.2,57,Exceeds expectations
EMP144,2023-06-30,2023-H1,2.8,100,Exceeds expectations
EMP144,2023-12-31,2023-H2,2.9,86,Strong progress
EMP144,2024-06-30,2024-H1,2.7,91,Meets expectations
EMP144,2024-12-31,2024-H2,2.9,86,Exceeds expectations
EMP144,2025-06-30,2025-H1,2.7,84,Needs support
EMP144,2025-12-31,2025-H2,3.1,88,Meets expectations
EMP145,2023-06-30,2023-H1,3.1,68,Exceeds expectations
EMP145,2023-12-31,2023-H2,3.4,66,Needs support
EMP145,2024-06-30,2024-H1,3.4,75,Strong progress
EMP145,2024-12-31,2024-H2,3.6,78,Needs support
EMP145,2025-06-30,2025-H1,3.7,84,Strong progress
EMP145,2025-12-31,2025-H2,3.9,75,Exceeds expectations
EMP146,2023-06-30,2023-H1,3.5,80,Strong progress
EMP146,2023-12-31,2023-H2,3.3,93,Strong progress
EMP146,2024-06-30,2024-H1,3.7,78,Meets expectations
EMP146,2024-12-31,2024-H2,3.9,84,Exceeds expectations
EMP146,2025-06-30,2025-H1,3.5,78,Needs support
EMP146,2025-12-31,2025-H2,3.5,75,Meets expectations
EMP147,2023-06-30,2023-H1,4.2,73,Meets expectations
EMP147,2023-12-31,2023-H2,3.6,87,Meets expectations
EMP147,2024-06-30,2024-H1,3.5,88,Meets expectations
EMP147,2024-12-31,2024-H2,3.6,84,Exceeds expectations
EMP147,2025-06-30,2025-H1,3.3,84,Meets expectations
EMP147,2025-12-31,2025-H2,3.2,80,Strong progress
EMP148,2023-06-30,2023-H1,3.0,94,Exceeds expectations
EMP148,2023-12-31,2023-H2,3.7,96,Exceeds expectations
EMP148,2024-06-30,2024-H1,3.5,92,Strong progress
EMP148,2024-12-31,2024-H2,4.0,99,Meets expectations
EMP148,2025-06-30,2025-H1,3.5,78,Exceeds expectations
EMP148,2025-12-31,2025-H2,3.9,100,Meets expectations
EMP149,2023-06-30,2023-H1,3.8,87,Strong progress
EMP149,2023-12-31,2023-H2,3.8,85,Meets expectations
EMP149,2024-06-30,2024-H1,3.7,78,Exceeds expectations
EMP149,2024-12-31,2024-H2,3.9,90,Meets expectations
EMP149,2025-06-30,2025-H1,3.6,74,Needs support
EMP149,2025-12-31,2025-H2,3.4,100,Strong progress
EMP150,2023-06-30,2023-H1,2.6,91,Needs support
EMP150,2023-12-31,2023-H2,2.3,85,Strong progress
EMP150,2024-06-30,2024-H1,2.1,86,Strong progress
EMP150,2024-12-31,2024-H2,1.8,77,Strong progress
EMP150,2025-06-30,2025-H1,2.1,85,Needs support
EMP150,2025-12-31,2025-H2,1.6,97,Exceeds expectations
EMP151,2023-06-30,2023-H1,4.3,100,Exceeds expectations
EMP151,2023-12-31,2023-H2,4.3,75,Needs support
EMP151,2024-06-30,2024-H1,4.6,91,Exceeds expectations
EMP151,2024-12-31,2024-H2,4.2,88,Meets expectations
EMP151,2025-06-30,2025-H1,4.6,94,Strong progress
EMP151,2025-12-31,2025-H2,5.0,93,Strong progress
EMP152,2023-06-30,2023-H1,4.0,60,Strong progress
EMP152,2023-12-31,2023-H2,4.4,57,Needs support
EMP152,2024-06-30,2024-H1,4.0,65,Exceeds expectations
EMP152,2024-12-31,2024-H2,4.1,69,Strong progress
EMP152,2025-06-30,2025-H1,4.5,72,Exceeds expectations
EMP152,2025-12-31,2025-H2,4.2,66,Exceeds expectations
EMP153,2023-06-30,2023-H1,2.9,75,Strong progress
EMP153,2023-12-31,2023-H2,3.1,87,Meets expectations
EMP153,2024-06-30,2024-H1,2.9,69,Needs support
EMP153,2024-12-31,2024-H2,2.5,84,Strong progress
EMP153,2025-06-30,2025-H1,2.5,66,Meets expectations
EMP153,2025-12-31,2025-H2,2.2,74,Exceeds expectations
EMP154,2023-06-30,2023-H1,3.5,82,Needs support
EMP154,2023-12-31,2023-H2,3.3,75,Strong progress
EMP154,2024-06-30,2024-H1,3.8,78,Needs support
EMP154,2024-12-31,2024-H2,3.3,80,Exceeds expectations
EMP154,2025-06-30,2025-H1,3.4,73,Exceeds expectations
EMP154,2025-12-31,2025-H2,3.4,87,Meets expectations
EMP155,2023-06-30,2023-H1,2.3,94,Meets expectations
EMP155,2023-12-31,2023-H2,2.9,76,Exceeds expectations
EMP155,2024-06-30,2024-H1,2.8,79,Meets expectations
EMP155,2024-12-31,2024-H2,2.6,80,Exceeds expectations
EMP155,2025-06-30,2025-H1,2.7,69,Needs support
EMP155,2025-12-31,2025-H2,2.7,72,Exceeds expectations
EMP156,2023-06-30,2023-H1,3.5,93,Needs support
EMP156,2023-12-31,2023-H2,3.7,90,Meets expectations
EMP156,2024-06-30,2024-H1,3.3,91,Meets expectations
EMP156,2024-12-31,2024-H2,3.6,95,Meets expectations
EMP156,2025-06-30,2025-H1,4.0,92,Strong progress
EMP156,2025-12-31,2025-H2,3.4,96,Exceeds expectations
EMP157,2023-06-30,2023-H1,2.9,60,Meets expectations
EMP157,2023-12-31,2023-H2,3.0,52,Exceeds expectations
EMP157,2024-06-30,2024-H1,3.1,53,Strong progress
EMP157,2024-12-31,2024-H2,2.8,55,Needs support
EMP157,2025-06-30,2025-H1,2.9,43,Needs support
EMP157,2025-12-31,2025-H2,2.6,54,Meets expectations
EMP158,2023-06-30,2023-H1,3.2,83,Exceeds expectations
EMP158,2023-12-31,2023-H2,3.4,92,Needs support
EMP158,2024-06-30,2024-H1,3.3,88,Exceeds expectations
EMP158,2024-12-31,2024-H2,3.7,90,Exceeds expectations
EMP158,2025-06-30,2025-H1,3.4,85,Needs support
EMP158,2025-12-31,2025-H2,3.7,86,Exceeds expectations
EMP159,2023-06-30,2023-H1,2.7,89,Needs support
EMP159,2023-12-31,2023-H2,2.8,90,Needs support
EMP159,2024-06-30,2024-H1,2.6,88,Exceeds expectations
EMP159,2024-12-31,2024-H2,2.5,87,Needs support
EMP159,2025-06-30,2025-H1,2.1,94,Needs support
EMP159,2025-12-31,2025-H2,2.4,81,Strong progress
EMP160,2023-06-30,2023-H1,3.4,96,Strong progress
EMP160,2023-12-31,2023-H2,3.1,83,Needs support
EMP160,2024-06-30,2024-H1,3.3,95,Strong progress
EMP160,2024-12-31,2024-H2,3.5,90,Meets expectations
EMP160,2025-06-30,2025-H1,3.5,87,Exceeds expectations
EMP160,2025-12-31,2025-H2,3.9,100,Meets expectations
EMP161,2023-06-30,2023-H1,3.1,62,Meets expectations
EMP161,2023-12-31,2023-H2,3.0,52,Strong progress
EMP161,2024-06-30,2024-H1,3.8,61,Meets expectations
EMP161,2024-12-31,2024-H2,3.6,68,Meets expectations
EMP161,2025-06-30,2025-H1,3.2,57,Strong progress
EMP161,2025-12-31,2025-H2,3.5,66,Strong progress
EMP162,2023-06-30,2023-H1,3.3,87,Needs support
EMP162,2023-12-31,2023-H2,3.4,83,Meets expectations
EMP162,2024-06-30,2024-H1,3.5,80,Meets expectations
EMP162,2024-12-31,2024-H2,3.3,78,Meets expectations
EMP162,2025-06-30,2025-H1,3.0,82,Needs support
EMP162,2025-12-31,2025-H2,2.9,86,Meets expectations
EMP163,2023-06-30,2023-H1,3.7,82,Strong progress
EMP163,2023-12-31,2023-H2,4.0,71,Needs support
EMP163,2024-06-30,2024-H1,3.5,68,Strong progress
EMP163,2024-12-31,2024-H2,3.6,80,Strong progress
EMP163,2025-06-30,2025-H1,4.3,91,Exceeds expectations
EMP163,2025-12-31,2025-H2,4.4,82,Exceeds expectations
EMP164,2023-06-30,2023-H1,3.5,58,Meets expectations
EMP164,2023-12-31,2023-H2,3.8,66,Strong progress
EMP164,2024-06-30,2024-H1,4.2,51,Strong progress
EMP164,2024-12-31,2024-H2,3.7,60,Needs support
EMP164,2025-06-30,2025-H1,4.2,57,Needs support
EMP164,2025-12-31,2025-H2,4.5,71,Needs support
EMP165,2023-06-30,2023-H1,3.5,91,Strong progress
EMP165,2023-12-31,2023-H2,3.6,79,Meets expectations
EMP165,2024-06-30,2024-H1,3.5,98,Strong progress
EMP165,2024-12-31,2024-H2,3.4,82,Exceeds expectations
EMP165,2025-06-30,2025-H1,3.3,81,Exceeds expectations
EMP165,2025-12-31,2025-H2,3.4,92,Needs support
EMP166,2023-06-30,2023-H1,4.2,86,Strong progress
EMP166,2023-12-31,2023-H2,4.2,90,Needs support
EMP166,2024-06-30,2024-H1,4.3,98,Needs support
EMP166,2024-12-31,2024-H2,4.5,93,Needs support
EMP166,2025-06-30,2025-H1,4.4,99,Exceeds expectations
EMP166,2025-12-31,2025-H2,4.4,87,Strong progress
EMP167,2023-06-30,2023-H1,3.2,46,Exceeds expectations
EMP167,2023-12-31,2023-H2,3.2,60,Needs support
EMP167,2024-06-30,2024-H1,2.8,57,Exceeds expectations
EMP167,2024-12-31,2024-H2,3.1,49,Exceeds expectations
EMP167,2025-06-30,2025-H1,3.6,64,Exceeds expectations
EMP167,2025-12-31,2025-H2,3.5,56,Exceeds expectations
EMP168,2023-06-30,2023-H1,2.2,70,Needs support
EMP168,2023-12-31,2023-H2,3.0,56,Meets expectations
EMP168,2024-06-30,2024-H1,3.1,62,Needs support
EMP168,2024-12-31,2024-H2,2.7,62,Strong progress
EMP168,2025-06-30,2025-H1,3.0,54,Exceeds expectations
EMP168,2025-12-31,2025-H2,2.9,57,Needs support
EMP169,2023-06-30,2023-H1,2.7,74,Exceeds expectations
EMP169,2023-12-31,2023-H2,2.8,62,Meets expectations
EMP169,2024-06-30,2024-H1,2.7,59,Meets expectations
EMP169,2024-12-31,2024-H2,3.1,63,Strong progress
EMP169,2025-06-30,2025-H1,3.0,61,Strong progress
EMP169,2025-12-31,2025-H2,3.5,51,Meets expectations
EMP170,2023-06-30,2023-H1,3.0,63,Exceeds expectations
EMP170,2023-12-31,2023-H2,3.1,72,Needs support
EMP170,2024-06-30,2024-H1,2.9,67,Meets expectations
EMP170,2024-12-31,2024-H2,2.5,48,Exceeds expectations
EMP170,2025-06-30,2025-H1,2.6,67,Meets expectations
EMP170,2025-12-31,2025-H2,2.2,58,Meets expectations
EMP171,2023-06-30,2023-H1,2.7,62,Exceeds expectations
EMP171,2023-12-31,2023-H2,3.1,69,Exceeds expectations
EMP171,2024-06-30,2024-H1,3.0,64,Needs support
EMP171,2024-12-31,2024-H2,2.6,63,Meets expectations
EMP171,2025-06-30,2025-H1,2.7,62,Strong progress
EMP171,2025-12-31,2025-H2,3.2,64,Needs support
EMP172,2023-06-30,2023-H1,3.4,80,Meets expectations
EMP172,2023-12-31,2023-H2,3.5,85,Needs support
EMP172,2024-06-30,2024-H1,3.4,82,Needs support
EMP172,2024-12-31,2024-H2,3.9,89,Meets expectations
EMP172,2025-06-30,2025-H1,3.7,93,Meets expectations
EMP172,2025-12-31,2025-H2,3.5,83,Strong progress
EMP173,2023-06-30,2023-H1,4.0,78,Needs support
EMP173,2023-12-31,2023-H2,3.7,76,Strong progress
EMP173,2024-06-30,2024-H1,4.0,82,Exceeds expectations
EMP173,2024-12-31,2024-H2,3.5,78,Needs support
EMP173,2025-06-30,2025-H1,3.6,82,Meets expectations
EMP173,2025-12-31,2025-H2,4.1,81,Exceeds expectations
EMP174,2023-06-30,2023-H1,4.0,75,Strong progress
EMP174,2023-12-31,2023-H2,3.8,64,Exceeds expectations
EMP174,2024-06-30,2024-H1,4.4,68,Strong progress
EMP174,2024-12-31,2024-H2,4.2,61,Needs support
EMP174,2025-06-30,2025-H1,4.2,72,Exceeds expectations
EMP174,2025-12-31,2025-H2,4.3,73,Exceeds expectations
EMP175,2023-06-30,2023-H1,3.8,85,Needs support
EMP175,2023-12-31,2023-H2,3.8,70,Needs support
EMP175,2024-06-30,2024-H1,4.4,82,Exceeds expectations
EMP175,2024-12-31,2024-H2,4.4,81,Exceeds expectations
EMP175,2025-06-30,2025-H1,4.1,86,Needs support
EMP175,2025-12-31,2025-H2,4.0,85,Exceeds expectations
EMP176,2023-06-30,2023-H1,2.6,66,Needs support
EMP176,2023-12-31,2023-H2,3.2,70,Meets expectations
EMP176,2024-06-30,2024-H1,3.2,65,Meets expectations
EMP176,2024-12-31,2024-H2,3.5,56,Needs support
EMP176,2025-06-30,2025-H1,3.6,69,Strong progress
EMP176,2025-12-31,2025-H2,4.0,67,Exceeds expectations
EMP177,2023-06-30,2023-H1,3.1,84,Needs support
EMP177,2023-12-31,2023-H2,2.7,96,Needs support
EMP177,2024-06-30,2024-H1,2.8,93,Strong progress
EMP177,2024-12-31,2024-H2,3.6,86,Exceeds expectations
EMP177,2025-06-30,2025-H1,3.0,100,Strong progress
EMP177,2025-12-31,2025-H2,3.6,100,Meets expectations
EMP178,2023-06-30,2023-H1,2.7,67,Meets expectations
EMP178,2023-12-31,2023-H2,2.4,81,Exceeds expectations
EMP178,2024-06-30,2024-H1,2.4,61,Strong progress
EMP178,2024-12-31,2024-H2,2.4,58,Needs support
EMP178,2025-06-30,2025-H1,2.2,73,Strong progress
EMP178,2025-12-31,2025-H2,2.1,70,Exceeds expectations
EMP179,2023-06-30,2023-H1,3.8,52,Exceeds expectations
EMP179,2023-12-31,2023-H2,3.9,66,Strong progress
EMP179,2024-06-30,2024-H1,4.2,58,Meets expectations
EMP179,2024-12-31,2024-H2,4.0,65,Needs support
EMP179,2025-06-30,2025-H1,4.5,73,Exceeds expectations
EMP179,2025-12-31,2025-H2,4.3,66,Needs support
EMP180,2023-06-30,2023-H1,4.0,56,Meets expectations
EMP180,2023-12-31,2023-H2,3.9,67,Needs support
EMP180,2024-06-30,2024-H1,4.4,65,Needs support
EMP180,2024-12-31,2024-H2,4.5,69,Strong progress
EMP180,2025-06-30,2025-H1,4.5,54,Strong progress
EMP180,2025-12-31,2025-H2,4.3,65,Needs support
EMP181,2023-06-30,2023-H1,2.8,86,Exceeds expectations
EMP181,2023-12-31,2023-H2,2.9,80,Needs support
EMP181,2024-06-30,2024-H1,2.9,89,Needs support
EMP181,2024-12-31,2024-H2,3.0,93,Strong progress
EMP181,2025-06-30,2025-H1,3.6,98,Meets expectations
EMP181,2025-12-31,2025-H2,3.7,86,Exceeds expectations
EMP182,2023-06-30,2023-H1,3.1,76,Needs support
EMP182,2023-12-31,2023-H2,3.4,60,Meets expectations
EMP182,2024-06-30,2024-H1,3.2,68,Exceeds expectations
EMP182,2024-12-31,2024-H2,4.0,77,Meets expectations
EMP182,2025-06-30,2025-H1,3.5,79,Meets expectations
EMP182,2025-12-31,2025-H2,4.2,82,Needs support
EMP183,2023-06-30,2023-H1,3.2,66,Meets expectations
EMP183,2023-12-31,2023-H2,3.3,55,Exceeds expectations
EMP183,2024-06-30,2024-H1,3.3,49,Meets expectations
EMP183,2024-12-31,2024-H2,3.3,58,Meets expectations
EMP183,2025-06-30,2025-H1,3.2,62,Exceeds expectations
EMP183,2025-12-31,2025-H2,3.3,59,Exceeds expectations
EMP184,2023-06-30,2023-H1,3.7,86,Meets expectations
EMP184,2023-12-31,2023-H2,3.6,90,Exceeds expectations
EMP184,2024-06-30,2024-H1,3.9,87,Strong progress
EMP184,2024-12-31,2024-H2,3.8,100,Exceeds expectations
EMP184,2025-06-30,2025-H1,4.2,86,Meets expectations
EMP184,2025-12-31,2025-H2,4.2,90,Meets expectations
EMP185,2023-06-30,2023-H1,3.4,95,Meets expectations
EMP185,2023-12-31,2023-H2,3.9,80,Needs support
EMP185,2024-06-30,2024-H1,3.8,89,Strong progress
EMP185,2024-12-31,2024-H2,3.4,86,Strong progress
EMP185,2025-06-30,2025-H1,3.1,88,Meets expectations
EMP185,2025-12-31,2025-H2,3.0,80,Strong progress
EMP186,2023-06-30,2023-H1,3.5,64,Meets expectations
EMP186,2023-12-31,2023-H2,3.2,74,Meets expectations
EMP186,2024-06-30,2024-H1,3.2,78,Strong progress
EMP186,2024-12-31,2024-H2,2.8,79,Exceeds expectations
EMP186,2025-06-30,2025-H1,2.6,67,Strong progress
EMP186,2025-12-31,2025-H2,2.9,65,Needs support
EMP187,2023-06-30,2023-H1,2.9,92,Needs support
EMP187,2023-12-31,2023-H2,2.8,77,Strong progress
EMP187,2024-06-30,2024-H1,2.8,75,Needs support
EMP187,2024-12-31,2024-H2,2.8,73,Strong progress
EMP187,2025-06-30,2025-H1,2.7,84,Meets expectations
EMP187,2025-12-31,2025-H2,2.8,92,Strong progress
EMP188,2023-06-30,2023-H1,2.1,56,Exceeds expectations
EMP188,2023-12-31,2023-H2,2.6,55,Exceeds expectations
EMP188,2024-06-30,2024-H1,2.5,65,Needs support
EMP188,2024-12-31,2024-H2,3.0,55,Exceeds expectations
EMP188,2025-06-30,2025-H1,2.8,57,Needs support
EMP188,2025-12-31,2025-H2,2.8,74,Meets expectations
EMP189,2023-06-30,2023-H1,2.9,83,Exceeds expectations
EMP189,2023-12-31,2023-H2,2.7,92,Meets expectations
EMP189,2024-06-30,2024-H1,2.8,96,Needs support
EMP189,2024-12-31,2024-H2,2.3,97,Meets expectations
EMP189,2025-06-30,2025-H1,2.5,80,Exceeds expectations
EMP189,2025-12-31,2025-H2,2.4,88,Meets expectations
EMP190,2023-06-30,2023-H1,3.7,74,Strong progress
EMP190,2023-12-31,2023-H2,3.2,80,Exceeds expectations
EMP190,2024-06-30,2024-H1,3.2,82,Meets expectations
EMP190,2024-12-31,2024-H2,3.0,79,Needs support
EMP190,2025-06-30,2025-H1,2.9,64,Exceeds expectations
EMP190,2025-12-31,2025-H2,3.0,80,Strong progress
EMP191,2023-06-30,2023-H1,4.1,60,Strong progress
EMP191,2023-12-31,2023-H2,4.4,72,Exceeds expectations
EMP191,2024-06-30,2024-H1,4.2,63,Needs support
EMP191,2024-12-31,2024-H2,4.5,70,Needs support
EMP191,2025-06-30,2025-H1,4.7,69,Needs support
EMP191,2025-12-31,2025-H2,4.6,66,Strong progress
EMP192,2023-06-30,2023-H1,3.1,66,Exceeds expectations
EMP192,2023-12-31,2023-H2,3.0,57,Needs support
EMP192,2024-06-30,2024-H1,3.2,68,Meets expectations
EMP192,2024-12-31,2024-H2,2.9,51,Exceeds expectations
EMP192,2025-06-30,2025-H1,2.8,59,Strong progress
EMP192,2025-12-31,2025-H2,3.7,65,Exceeds expectations
EMP193,2023-06-30,2023-H1,3.0,79,Exceeds expectations
EMP193,2023-12-31,2023-H2,2.7,78,Meets expectations
EMP193,2024-06-30,2024-H1,2.2,74,Needs support
EMP193,2024-12-31,2024-H2,2.7,81,Meets expectations
EMP193,2025-06-30,2025-H1,2.6,77,Needs support
EMP193,2025-12-31,2025-H2,2.6,74,Needs support
EMP194,2023-06-30,2023-H1,2.9,68,Meets expectations
EMP194,2023-12-31,2023-H2,2.6,65,Meets expectations
EMP194,2024-06-30,2024-H1,3.1,59,Exceeds expectations
EMP194,2024-12-31,2024-H2,2.6,64,Needs support
EMP194,2025-06-30,2025-H1,2.9,70,Meets expectations
EMP194,2025-12-31,2025-H2,3.4,70,Meets expectations
EMP195,2023-06-30,2023-H1,3.9,85,Exceeds expectations
EMP195,2023-12-31,2023-H2,3.8,81,Meets expectations
EMP195,2024-06-30,2024-H1,4.1,92,Meets expectations
EMP195,2024-12-31,2024-H2,4.3,85,Exceeds expectations
EMP195,2025-06-30,2025-H1,4.2,89,Exceeds expectations
EMP195,2025-12-31,2025-H2,4.8,84,Exceeds expectations
EMP196,2023-06-30,2023-H1,3.4,83,Strong progress
EMP196,2023-12-31,2023-H2,3.0,87,Meets expectations
EMP196,2024-06-30,2024-H1,3.1,73,Strong progress
EMP196,2024-12-31,2024-H2,2.8,89,Strong progress
EMP196,2025-06-30,2025-H1,2.3,79,Meets expectations
EMP196,2025-12-31,2025-H2,2.4,74,Exceeds expectations
EMP197,2023-06-30,2023-H1,2.8,66,Exceeds expectations
EMP197,2023-12-31,2023-H2,3.2,54,Exceeds expectations
EMP197,2024-06-30,2024-H1,2.7,65,Strong progress
EMP197,2024-12-31,2024-H2,2.6,50,Needs support
EMP197,2025-06-30,2025-H1,2.3,56,Exceeds expectations
EMP197,2025-12-31,2025-H2,2.6,57,Meets expectations
EMP198,2023-06-30,2023-H1,3.2,74,Meets expectations
EMP198,2023-12-31,2023-H2,2.9,90,Strong progress
EMP198,2024-06-30,2024-H1,3.7,76,Strong progress
EMP198,2024-12-31,2024-H2,3.2,77,Exceeds expectations
EMP198,2025-06-30,2025-H1,3.4,89,Strong progress
EMP198,2025-12-31,2025-H2,3.3,86,Exceeds expectations
EMP199,2023-06-30,2023-H1,4.1,66,Needs support
EMP199,2023-12-31,2023-H2,4.0,75,Meets expectations
EMP199,2024-06-30,2024-H1,4.3,67,Strong progress
EMP199,2024-12-31,2024-H2,4.6,71,Needs support
EMP199,2025-06-30,2025-H1,4.5,73,Meets expectations
EMP199,2025-12-31,2025-H2,4.7,72,Strong progress
EMP200,2023-06-30,2023-H1,2.7,72,Needs support
EMP200,2023-12-31,2023-H2,2.4,89,Strong progress
EMP200,2024-06-30,2024-H1,2.7,81,Needs support
EMP200,2024-12-31,2024-H2,2.0,82,Exceeds expectations
EMP200,2025-06-30,2025-H1,2.1,80,Strong progress
EMP200,2025-12-31,2025-H2,2.0,73,Exceeds expectations
EMP201,2023-06-30,2023-H1,2.8,81,Needs support
EMP201,2023-12-31,2023-H2,3.6,90,Needs support
EMP201,2024-06-30,2024-H1,3.2,75,Strong progress
EMP201,2024-12-31,2024-H2,3.3,75,Needs support
EMP201,2025-06-30,2025-H1,3.1,93,Needs support
EMP201,2025-12-31,2025-H2,3.0,75,Strong progress
EMP202,2023-06-30,2023-H1,3.1,71,Strong progress
EMP202,2023-12-31,2023-H2,3.2,64,Meets expectations
EMP202,2024-06-30,2024-H1,3.0,68,Exceeds expectations
EMP202,2024-12-31,2024-H2,3.6,63,Needs support
EMP202,2025-06-30,2025-H1,3.8,63,Strong progress
EMP202,2025-12-31,2025-H2,3.9,66,Needs support
EMP203,2023-06-30,2023-H1,4.0,100,Strong progress
EMP203,2023-12-31,2023-H2,3.9,98,Exceeds expectations
EMP203,2024-06-30,2024-H1,3.9,96,Needs support
EMP203,2024-12-31,2024-H2,4.2,91,Needs support
EMP203,2025-06-30,2025-H1,4.3,94,Strong progress
EMP203,2025-12-31,2025-H2,3.6,90,Strong progress
EMP204,2023-06-30,2023-H1,3.6,86,Strong progress
EMP204,2023-12-31,2023-H2,3.8,70,Exceeds expectations
EMP204,2024-06-30,2024-H1,3.8,65,Strong progress
EMP204,2024-12-31,2024-H2,3.4,76,Needs support
EMP204,2025-06-30,2025-H1,4.4,79,Meets expectations
EMP204,2025-12-31,2025-H2,4.2,86,Meets expectations
EMP205,2023-06-30,2023-H1,3.7,81,Needs support
EMP205,2023-12-31,2023-H2,4.0,76,Needs support
EMP205,2024-06-30,2024-H1,4.3,82,Exceeds expectations
EMP205,2024-12-31,2024-H2,4.1,76,Meets expectations
EMP205,2025-06-30,2025-H1,4.5,87,Strong progress
EMP205,2025-12-31,2025-H2,4.7,83,Meets expectations
EMP206,2023-06-30,2023-H1,2.4,66,Exceeds expectations
EMP206,2023-12-31,2023-H2,2.5,67,Meets expectations
EMP206,2024-06-30,2024-H1,2.5,61,Strong progress
EMP206,2024-12-31,2024-H2,2.5,77,Strong progress
EMP206,2025-06-30,2025-H1,2.5,60,Strong progress
EMP206,2025-12-31,2025-H2,3.0,61,Strong progress
EMP207,2023-06-30,2023-H1,2.8,79,Strong progress
EMP207,2023-12-31,2023-H2,3.0,84,Meets expectations
EMP207,2024-06-30,2024-H1,3.2,99,Meets expectations
EMP207,2024-12-31,2024-H2,3.2,88,Meets expectations
EMP207,2025-06-30,2025-H1,2.6,100,Exceeds expectations
EMP207,2025-12-31,2025-H2,2.9,87,Strong progress
EMP208,2023-06-30,2023-H1,4.0,81,Exceeds expectations
EMP208,2023-12-31,2023-H2,4.3,81,Meets expectations
EMP208,2024-06-30,2024-H1,4.3,79,Strong progress
EMP208,2024-12-31,2024-H2,4.5,74,Strong progress
EMP208,2025-06-30,2025-H1,4.1,77,Strong progress
EMP208,2025-12-31,2025-H2,5.0,85,Needs support
EMP209,2023-06-30,2023-H1,4.1,83,Needs support
EMP209,2023-12-31,2023-H2,3.5,79,Meets expectations
EMP209,2024-06-30,2024-H1,4.2,72,Needs support
EMP209,2024-12-31,2024-H2,4.1,86,Needs support
EMP209,2025-06-30,2025-H1,4.0,70,Needs support
EMP209,2025-12-31,2025-H2,3.8,91,Exceeds expectations
EMP210,2023-06-30,2023-H1,3.4,68,Exceeds expectations
EMP210,2023-12-31,2023-H2,3.1,55,Needs support
EMP210,2024-06-30,2024-H1,2.7,54,Strong progress
EMP210,2024-12-31,2024-H2,2.7,69,Exceeds expectations
EMP210,2025-06-30,2025-H1,2.6,54,Exceeds expectations
EMP210,2025-12-31,2025-H2,3.0,62,Needs support
EMP211,2023-06-30,2023-H1,4.0,98,Needs support
EMP211,2023-12-31,2023-H2,4.5,81,Meets expectations
EMP211,2024-06-30,2024-H1,4.5,80,Exceeds expectations
EMP211,2024-12-31,2024-H2,4.3,77,Exceeds expectations
EMP211,2025-06-30,2025-H1,4.5,81,Meets expectations
EMP211,2025-12-31,2025-H2,4.1,78,Exceeds expectations
EMP212,2023-06-30,2023-H1,2.8,65,Meets expectations
EMP212,2023-12-31,2023-H2,3.2,59,Strong progress
EMP212,2024-06-30,2024-H1,2.9,58,Meets expectations
EMP212,2024-12-31,2024-H2,3.2,72,Strong progress
EMP212,2025-06-30,2025-H1,3.0,64,Needs support
EMP212,2025-12-31,2025-H2,2.8,58,Exceeds expectations
EMP213,2023-06-30,2023-H1,3.1,88,Needs support
EMP213,2023-12-31,2023-H2,3.0,70,Strong progress
EMP213,2024-06-30,2024-H1,2.4,81,Needs support
EMP213,2024-12-31,2024-H2,2.4,79,Meets expectations
EMP213,2025-06-30,2025-H1,2.6,75,Exceeds expectations
EMP213,2025-12-31,2025-H2,2.4,75,Strong progress
EMP214,2023-06-30,2023-H1,3.2,69,Needs support
EMP214,2023-12-31,2023-H2,2.8,80,Needs support
EMP214,2024-06-30,2024-H1,3.1,81,Exceeds expectations
EMP214,2024-12-31,2024-H2,3.7,73,Meets expectations
EMP214,2025-06-30,2025-H1,3.3,72,Exceeds expectations
EMP214,2025-12-31,2025-H2,3.9,84,Meets expectations
EMP215,2023-06-30,2023-H1,2.5,82,Strong progress
EMP215,2023-12-31,2023-H2,2.4,89,Needs support
EMP215,2024-06-30,2024-H1,2.6,100,Needs support
EMP215,2024-12-31,2024-H2,2.9,89,Strong progress
EMP215,2025-06-30,2025-H1,2.8,100,Needs support
EMP215,2025-12-31,2025-H2,3.0,91,Meets expectations
EMP216,2023-06-30,2023-H1,2.4,75,Needs support
EMP216,2023-12-31,2023-H2,2.9,69,Meets expectations
EMP216,2024-06-30,2024-H1,2.8,74,Needs support
EMP216,2024-12-31,2024-H2,2.3,86,Exceeds expectations
EMP216,2025-06-30,2025-H1,2.4,82,Strong progress
EMP216,2025-12-31,2025-H2,2.1,86,Meets expectations
EMP217,2023-06-30,2023-H1,3.4,86,Meets expectations
EMP217,2023-12-31,2023-H2,3.4,92,Strong progress
EMP217,2024-06-30,2024-H1,3.4,91,Needs support
EMP217,2024-12-31,2024-H2,2.9,93,Needs support
EMP217,2025-06-30,2025-H1,3.2,84,Strong progress
EMP217,2025-12-31,2025-H2,3.6,96,Meets expectations
EMP218,2023-06-30,2023-H1,4.1,84,Needs support
EMP218,2023-12-31,2023-H2,3.9,95,Strong progress
EMP218,2024-06-30,2024-H1,4.2,85,Needs support
EMP218,2024-12-31,2024-H2,4.2,98,Meets expectations
EMP218,2025-06-30,2025-H1,4.1,91,Meets expectations
EMP218,2025-12-31,2025-H2,4.3,93,Meets expectations
EMP219,2023-06-30,2023-H1,2.6,51,Strong progress
EMP219,2023-12-31,2023-H2,2.5,51,Exceeds expectations
EMP219,2024-06-30,2024-H1,2.5,55,Exceeds expectations
EMP219,2024-12-31,2024-H2,2.6,63,Exceeds expectations
EMP219,2025-06-30,2025-H1,2.5,60,Strong progress
EMP219,2025-12-31,2025-H2,2.7,46,Meets expectations
EMP220,2023-06-30,2023-H1,3.3,91,Exceeds expectations
EMP220,2023-12-31,2023-H2,2.6,90,Meets expectations
EMP220,2024-06-30,2024-H1,2.9,77,Meets expectations
EMP220,2024-12-31,2024-H2,3.8,99,Exceeds expectations
EMP220,2025-06-30,2025-H1,3.6,90,Needs support
EMP220,2025-12-31,2025-H2,3.8,88,Needs support
EMP221,2023-06-30,2023-H1,3.1,88,Needs support
EMP221,2023-12-31,2023-H2,2.9,84,Exceeds expectations
EMP221,2024-06-30,2024-H1,3.0,86,Strong progress
EMP221,2024-12-31,2024-H2,2.9,96,Needs support
EMP221,2025-06-30,2025-H1,3.0,96,Meets expectations
EMP221,2025-12-31,2025-H2,3.4,100,Meets expectations
EMP222,2023-06-30,2023-H1,4.0,81,Meets expectations
EMP222,2023-12-31,2023-H2,4.1,76,Exceeds expectations
EMP222,2024-06-30,2024-H1,4.0,73,Needs support
EMP222,2024-12-31,2024-H2,3.8,72,Strong progress
EMP222,2025-06-30,2025-H1,3.6,73,Strong progress
EMP222,2025-12-31,2025-H2,4.1,72,Meets expectations
EMP223,2023-06-30,2023-H1,3.5,69,Meets expectations
EMP223,2023-12-31,2023-H2,3.0,68,Needs support
EMP223,2024-06-30,2024-H1,2.8,72,Needs support
EMP223,2024-12-31,2024-H2,2.6,84,Exceeds expectations
EMP223,2025-06-30,2025-H1,3.2,76,Needs support
EMP223,2025-12-31,2025-H2,2.7,75,Meets expectations
EMP224,2023-06-30,2023-H1,3.3,80,Meets expectations
EMP224,2023-12-31,2023-H2,2.9,96,Needs support
EMP224,2024-06-30,2024-H1,3.2,84,Exceeds expectations
EMP224,2024-12-31,2024-H2,3.1,83,Exceeds expectations
EMP224,2025-06-30,2025-H1,2.9,74,Strong progress
EMP224,2025-12-31,2025-H2,3.3,83,Meets expectations
EMP225,2023-06-30,2023-H1,3.5,72,Needs support
EMP225,2023-12-31,2023-H2,4.0,67,Meets expectations
EMP225,2024-06-30,2024-H1,3.5,48,Meets expectations
EMP225,2024-12-31,2024-H2,4.3,74,Strong progress
EMP225,2025-06-30,2025-H1,3.9,67,Exceeds expectations
EMP225,2025-12-31,2025-H2,4.3,75,Meets expectations
EMP226,2023-06-30,2023-H1,3.7,66,Exceeds expectations
EMP226,2023-12-31,2023-H2,3.5,73,Strong progress
EMP226,2024-06-30,2024-H1,3.5,81,Meets expectations
EMP226,2024-12-31,2024-H2,3.4,69,Exceeds expectations
EMP226,2025-06-30,2025-H1,3.2,70,Strong progress
EMP226,2025-12-31,2025-H2,3.0,72,Needs support
EMP227,2023-06-30,2023-H1,3.2,55,Strong progress
EMP227,2023-12-31,2023-H2,3.7,58,Strong progress
EMP227,2024-06-30,2024-H1,3.7,58,Strong progress
EMP227,2024-12-31,2024-H2,4.1,62,Needs support
EMP227,2025-06-30,2025-H1,3.8,62,Meets expectations
EMP227,2025-12-31,2025-H2,4.5,53,Meets expectations
EMP228,2023-06-30,2023-H1,3.9,74,Needs support
EMP228,2023-12-31,2023-H2,4.3,76,Strong progress
EMP228,2024-06-30,2024-H1,4.1,80,Needs support
EMP228,2024-12-31,2024-H2,4.5,80,Strong progress
EMP228,2025-06-30,2025-H1,4.4,82,Strong progress
EMP228,2025-12-31,2025-H2,4.4,87,Exceeds expectations
EMP229,2023-06-30,2023-H1,3.7,73,Exceeds expectations
EMP229,2023-12-31,2023-H2,3.7,66,Meets expectations
EMP229,2024-06-30,2024-H1,3.7,69,Strong progress
EMP229,2024-12-31,2024-H2,3.4,72,Strong progress
EMP229,2025-06-30,2025-H1,3.4,68,Meets expectations
EMP229,2025-12-31,2025-H2,3.2,64,Exceeds expectations
EMP230,2023-06-30,2023-H1,3.0,59,Meets expectations
EMP230,2023-12-31,2023-H2,2.8,64,Strong progress
EMP230,2024-06-30,2024-H1,2.9,58,Exceeds expectations
EMP230,2024-12-31,2024-H2,2.9,70,Meets expectations
EMP230,2025-06-30,2025-H1,2.7,71,Meets expectations
EMP230,2025-12-31,2025-H2,2.4,62,Exceeds expectations
EMP231,2023-06-30,2023-H1,3.0,74,Meets expectations
EMP231,2023-12-31,2023-H2,3.5,65,Strong progress
EMP231,2024-06-30,2024-H1,3.5,63,Strong progress
EMP231,2024-12-31,2024-H2,3.6,65,Exceeds expectations
EMP231,2025-06-30,2025-H1,3.9,68,Strong progress
EMP231,2025-12-31,2025-H2,3.3,63,Exceeds expectations
EMP232,2023-06-30,2023-H1,3.4,60,Exceeds expectations
EMP232,2023-12-31,2023-H2,3.2,71,Needs support
EMP232,2024-06-30,2024-H1,2.3,58,Meets expectations
EMP232,2024-12-31,2024-H2,2.8,77,Exceeds expectations
EMP232,2025-06-30,2025-H1,2.6,67,Strong progress
EMP232,2025-12-31,2025-H2,2.3,67,Strong progress
EMP233,2023-06-30,2023-H1,2.9,75,Strong progress
EMP233,2023-12-31,2023-H2,2.8,79,Needs support
EMP233,2024-06-30,2024-H1,2.7,75,Strong progress
EMP233,2024-12-31,2024-H2,2.4,84,Meets expectations
EMP233,2025-06-30,2025-H1,2.8,76,Exceeds expectations
EMP233,2025-12-31,2025-H2,2.2,67,Strong progress
EMP234,2023-06-30,2023-H1,3.4,84,Needs support
EMP234,2023-12-31,2023-H2,3.2,88,Meets expectations
EMP234,2024-06-30,2024-H1,3.3,86,Needs support
EMP234,2024-12-31,2024-H2,3.7,94,Needs support
EMP234,2025-06-30,2025-H1,3.7,86,Meets expectations
EMP234,2025-12-31,2025-H2,3.7,100,Exceeds expectations
EMP235,2023-06-30,2023-H1,2.3,80,Exceeds expectations
EMP235,2023-12-31,2023-H2,2.4,83,Needs support
EMP235,2024-06-30,2024-H1,2.1,91,Needs support
EMP235,2024-12-31,2024-H2,2.4,76,Meets expectations
EMP235,2025-06-30,2025-H1,2.4,74,Exceeds expectations
EMP235,2025-12-31,2025-H2,2.6,79,Exceeds expectations
EMP236,2023-06-30,2023-H1,3.7,77,Needs support
EMP236,2023-12-31,2023-H2,3.7,70,Needs support
EMP236,2024-06-30,2024-H1,3.7,65,Exceeds expectations
EMP236,2024-12-31,2024-H2,3.3,76,Strong progress
EMP236,2025-06-30,2025-H1,3.3,62,Meets expectations
EMP236,2025-12-31,2025-H2,3.0,63,Meets expectations
EMP237,2023-06-30,2023-H1,3.2,93,Strong progress
EMP237,2023-12-31,2023-H2,3.4,100,Strong progress
EMP237,2024-06-30,2024-H1,3.3,82,Needs support
EMP237,2024-12-31,2024-H2,3.2,96,Needs support
EMP237,2025-06-30,2025-H1,3.0,89,Strong progress
EMP237,2025-12-31,2025-H2,3.4,84,Strong progress
EMP238,2023-06-30,2023-H1,2.6,73,Strong progress
EMP238,2023-12-31,2023-H2,2.3,79,Needs support
EMP238,2024-06-30,2024-H1,2.6,85,Meets expectations
EMP238,2024-12-31,2024-H2,2.4,76,Exceeds expectations
EMP238,2025-06-30,2025-H1,2.7,87,Exceeds expectations
EMP238,2025-12-31,2025-H2,3.1,84,Exceeds expectations
EMP239,2023-06-30,2023-H1,2.6,53,Exceeds expectations
EMP239,2023-12-31,2023-H2,2.8,68,Needs support
EMP239,2024-06-30,2024-H1,2.6,71,Meets expectations
EMP239,2024-12-31,2024-H2,2.1,61,Needs support
EMP239,2025-06-30,2025-H1,2.4,57,Strong progress
EMP239,2025-12-31,2025-H2,2.9,65,Exceeds expectations
EMP240,2023-06-30,2023-H1,4.4,79,Strong progress
EMP240,2023-12-31,2023-H2,3.8,62,Meets expectations
EMP240,2024-06-30,2024-H1,4.1,65,Meets expectations
EMP240,2024-12-31,2024-H2,3.8,65,Needs support
EMP240,2025-06-30,2025-H1,3.7,68,Needs support
EMP240,2025-12-31,2025-H2,3.2,57,Needs support
EMP241,2023-06-30,2023-H1,3.8,86,Exceeds expectations
EMP241,2023-12-31,2023-H2,3.4,80,Needs support
EMP241,2024-06-30,2024-H1,3.7,76,Strong progress
EMP241,2024-12-31,2024-H2,3.4,83,Needs support
EMP241,2025-06-30,2025-H1,3.5,79,Meets expectations
EMP241,2025-12-31,2025-H2,2.7,78,Needs support
EMP242,2023-06-30,2023-H1,2.3,73,Meets expectations
EMP242,2023-12-31,2023-H2,2.4,43,Strong progress
EMP242,2024-06-30,2024-H1,2.7,57,Strong progress
EMP242,2024-12-31,2024-H2,3.1,58,Strong progress
EMP242,2025-06-30,2025-H1,2.0,54,Meets expectations
EMP242,2025-12-31,2025-H2,2.2,63,Meets expectations
EMP243,2023-06-30,2023-H1,3.3,56,Meets expectations
EMP243,2023-12-31,2023-H2,3.5,60,Meets expectations
EMP243,2024-06-30,2024-H1,3.3,67,Strong progress
EMP243,2024-12-31,2024-H2,2.8,57,Strong progress
EMP243,2025-06-30,2025-H1,3.2,66,Exceeds expectations
EMP243,2025-12-31,2025-H2,2.9,56,Needs support
EMP244,2023-06-30,2023-H1,3.9,96,Strong progress
EMP244,2023-12-31,2023-H2,4.1,80,Needs support
EMP244,2024-06-30,2024-H1,3.4,92,Strong progress
EMP244,2024-12-31,2024-H2,3.2,86,Meets expectations
EMP244,2025-06-30,2025-H1,3.8,84,Needs support
EMP244,2025-12-31,2025-H2,3.5,89,Strong progress
EMP245,2023-06-30,2023-H1,3.8,97,Meets expectations
EMP245,2023-12-31,2023-H2,3.8,79,Exceeds expectations
EMP245,2024-06-30,2024-H1,4.0,77,Strong progress
EMP245,2024-12-31,2024-H2,3.5,70,Exceeds expectations
EMP245,2025-06-30,2025-H1,3.4,88,Meets expectations
EMP245,2025-12-31,2025-H2,3.7,88,Exceeds expectations
EMP246,2023-06-30,2023-H1,4.0,55,Meets expectations
EMP246,2023-12-31,2023-H2,3.9,65,Exceeds expectations
EMP246,2024-06-30,2024-H1,3.3,68,Exceeds expectations
EMP246,2024-12-31,2024-H2,4.2,65,Meets expectations
EMP246,2025-06-30,2025-H1,3.7,64,Strong progress
EMP246,2025-12-31,2025-H2,3.7,55,Needs support
EMP247,2023-06-30,2023-H1,2.2,69,Meets expectations
EMP247,2023-12-31,2023-H2,3.0,75,Needs support
EMP247,2024-06-30,2024-H1,2.7,76,Meets expectations
EMP247,2024-12-31,2024-H2,2.7,74,Meets expectations
EMP247,2025-06-30,2025-H1,2.7,71,Strong progress
EMP247,2025-12-31,2025-H2,2.3,67,Needs support
EMP248,2023-06-30,2023-H1,3.7,63,Exceeds expectations
EMP248,2023-12-31,2023-H2,3.7,57,Strong progress
EMP248,2024-06-30,2024-H1,3.2,62,Meets expectations
EMP248,2024-12-31,2024-H2,3.2,67,Strong progress
EMP248,2025-06-30,2025-H1,2.9,61,Exceeds expectations
EMP248,2025-12-31,2025-H2,3.2,48,Exceeds expectations
EMP249,2023-06-30,2023-H1,4.2,55,Meets expectations
EMP249,2023-12-31,2023-H2,3.8,67,Exceeds expectations
EMP249,2024-06-30,2024-H1,3.8,56,Strong progress
EMP249,2024-12-31,2024-H2,4.1,66,Strong progress
EMP249,2025-06-30,2025-H1,4.6,69,Meets expectations
EMP249,2025-12-31,2025-H2,4.3,64,Strong progress
EMP250,2023-06-30,2023-H1,2.4,87,Strong progress
EMP250,2023-12-31,2023-H2,2.6,95,Meets expectations
EMP250,2024-06-30,2024-H1,2.7,87,Meets expectations
EMP250,2024-12-31,2024-H2,3.0,100,Meets expectations
EMP250,2025-06-30,2025-H1,3.3,100,Strong progress
EMP250,2025-12-31,2025-H2,2.9,89,Strong progress
EMP251,2023-06-30,2023-H1,3.6,82,Strong progress
EMP251,2023-12-31,2023-H2,3.8,81,Meets expectations
EMP251,2024-06-30,2024-H1,3.3,80,Strong progress
EMP251,2024-12-31,2024-H2,3.2,94,Needs support
EMP251,2025-06-30,2025-H1,3.3,79,Needs support
EMP251,2025-12-31,2025-H2,3.2,73,Exceeds expectations
EMP252,2023-06-30,2023-H1,4.3,84,Strong progress
EMP252,2023-12-31,2023-H2,4.0,85,Exceeds expectations
EMP252,2024-06-30,2024-H1,3.9,67,Meets expectations
EMP252,2024-12-31,2024-H2,3.7,73,Needs support
EMP252,2025-06-30,2025-H1,3.5,79,Exceeds expectations
EMP252,2025-12-31,2025-H2,3.5,72,Strong progress
EMP253,2023-06-30,2023-H1,3.4,87,Needs support
EMP253,2023-12-31,2023-H2,3.5,92,Strong progress
EMP253,2024-06-30,2024-H1,3.9,90,Strong progress
EMP253,2024-12-31,2024-H2,3.6,88,Meets expectations
EMP253,2025-06-30,2025-H1,3.7,88,Needs support
EMP253,2025-12-31,2025-H2,4.0,86,Exceeds expectations
EMP254,2023-06-30,2023-H1,3.8,57,Needs support
EMP254,2023-12-31,2023-H2,3.7,64,Needs support
EMP254,2024-06-30,2024-H1,3.9,66,Strong progress
EMP254,2024-12-31,2024-H2,4.4,67,Needs support
EMP254,2025-06-30,2025-H1,4.0,65,Exceeds expectations
EMP254,2025-12-31,2025-H2,4.5,64,Meets expectations
EMP255,2023-06-30,2023-H1,3.2,95,Strong progress
EMP255,2023-12-31,2023-H2,3.4,94,Needs support
EMP255,2024-06-30,2024-H1,3.4,88,Strong progress
EMP255,2024-12-31,2024-H2,3.5,99,Strong progress
EMP255,2025-06-30,2025-H1,3.6,82,Meets expectations
EMP255,2025-12-31,2025-H2,3.3,94,Exceeds expectations
EMP256,2023-06-30,2023-H1,3.0,51,Meets expectations
EMP256,2023-12-31,2023-H2,3.3,52,Meets expectations
EMP256,2024-06-30,2024-H1,3.0,63,Needs support
EMP256,2024-12-31,2024-H2,3.0,61,Meets expectations
EMP256,2025-06-30,2025-H1,2.9,52,Needs support
EMP256,2025-12-31,2025-H2,3.4,49,Strong progress
EMP257,2023-06-30,2023-H1,3.5,77,Needs support
EMP257,2023-12-31,2023-H2,3.0,77,Needs support
EMP257,2024-06-30,2024-H1,3.3,86,Strong progress
EMP257,2024-12-31,2024-H2,3.8,93,Meets expectations
EMP257,2025-06-30,2025-H1,3.4,80,Exceeds expectations
EMP257,2025-12-31,2025-H2,4.1,80,Needs support
EMP258,2023-06-30,2023-H1,2.7,70,Meets expectations
EMP258,2023-12-31,2023-H2,2.3,66,Exceeds expectations
EMP258,2024-06-30,2024-H1,2.1,62,Strong progress
EMP258,2024-12-31,2024-H2,2.5,63,Strong progress
EMP258,2025-06-30,2025-H1,2.5,63,Strong progress
EMP258,2025-12-31,2025-H2,2.2,57,Meets expectations
EMP259,2023-06-30,2023-H1,2.6,94,Strong progress
EMP259,2023-12-31,2023-H2,1.9,88,Meets expectations
EMP259,2024-06-30,2024-H1,2.2,74,Needs support
EMP259,2024-12-31,2024-H2,2.1,82,Meets expectations
EMP259,2025-06-30,2025-H1,1.9,82,Strong progress
EMP259,2025-12-31,2025-H2,1.8,94,Meets expectations
EMP260,2023-06-30,2023-H1,2.6,58,Strong progress
EMP260,2023-12-31,2023-H2,2.5,66,Needs support
EMP260,2024-06-30,2024-H1,2.2,66,Strong progress
EMP260,2024-12-31,2024-H2,2.4,66,Strong progress
EMP260,2025-06-30,2025-H1,2.6,71,Exceeds expectations
EMP260,2025-12-31,2025-H2,2.5,69,Strong progress
EMP261,2023-06-30,2023-H1,2.0,59,Meets expectations
EMP261,2023-12-31,2023-H2,2.7,60,Exceeds expectations
EMP261,2024-06-30,2024-H1,2.5,50,Needs support
EMP261,2024-12-31,2024-H2,2.5,70,Meets expectations
EMP261,2025-06-30,2025-H1,2.6,65,Meets expectations
EMP261,2025-12-31,2025-H2,2.3,69,Strong progress
EMP262,2023-06-30,2023-H1,4.3,81,Needs support
EMP262,2023-12-31,2023-H2,4.0,82,Meets expectations
EMP262,2024-06-30,2024-H1,3.5,88,Strong progress
EMP262,2024-12-31,2024-H2,3.7,89,Meets expectations
EMP262,2025-06-30,2025-H1,3.7,82,Needs support
EMP262,2025-12-31,2025-H2,3.1,94,Strong progress
EMP263,2023-06-30,2023-H1,2.7,79,Strong progress
EMP263,2023-12-31,2023-H2,3.0,61,Needs support
EMP263,2024-06-30,2024-H1,3.3,77,Needs support
EMP263,2024-12-31,2024-H2,3.1,63,Meets expectations
EMP263,2025-06-30,2025-H1,3.0,60,Meets expectations
EMP263,2025-12-31,2025-H2,2.9,70,Meets expectations
EMP264,2023-06-30,2023-H1,3.1,87,Exceeds expectations
EMP264,2023-12-31,2023-H2,3.1,77,Strong progress
EMP264,2024-06-30,2024-H1,2.9,80,Meets expectations
EMP264,2024-12-31,2024-H2,2.8,74,Strong progress
EMP264,2025-06-30,2025-H1,2.4,80,Needs support
EMP264,2025-12-31,2025-H2,2.9,62,Strong progress
EMP265,2023-06-30,2023-H1,3.0,84,Strong progress
EMP265,2023-12-31,2023-H2,3.2,91,Exceeds expectations
EMP265,2024-06-30,2024-H1,3.1,90,Meets expectations
EMP265,2024-12-31,2024-H2,3.3,97,Meets expectations
EMP265,2025-06-30,2025-H1,3.4,83,Exceeds expectations
EMP265,2025-12-31,2025-H2,3.7,88,Strong progress
EMP266,2023-06-30,2023-H1,3.7,88,Needs support
EMP266,2023-12-31,2023-H2,3.8,86,Needs support
EMP266,2024-06-30,2024-H1,4.2,88,Meets expectations
EMP266,2024-12-31,2024-H2,4.1,78,Strong progress
EMP266,2025-06-30,2025-H1,4.7,83,Meets expectations
EMP266,2025-12-31,2025-H2,4.2,86,Needs support
EMP267,2023-06-30,2023-H1,3.0,83,Strong progress
EMP267,2023-12-31,2023-H2,2.8,86,Needs support
EMP267,2024-06-30,2024-H1,2.9,80,Strong progress
EMP267,2024-12-31,2024-H2,2.9,69,Exceeds expectations
EMP267,2025-06-30,2025-H1,2.5,80,Strong progress
EMP267,2025-12-31,2025-H2,2.5,79,Exceeds expectations
EMP268,2023-06-30,2023-H1,3.1,95,Exceeds expectations
EMP268,2023-12-31,2023-H2,3.3,77,Needs support
EMP268,2024-06-30,2024-H1,2.9,79,Meets expectations
EMP268,2024-12-31,2024-H2,3.1,79,Needs support
EMP268,2025-06-30,2025-H1,3.1,95,Meets expectations
EMP268,2025-12-31,2025-H2,3.5,93,Needs support
EMP269,2023-06-30,2023-H1,2.5,58,Needs support
EMP269,2023-12-31,2023-H2,2.7,65,Needs support
EMP269,2024-06-30,2024-H1,2.7,62,Strong progress
EMP269,2024-12-31,2024-H2,3.3,65,Exceeds expectations
EMP269,2025-06-30,2025-H1,3.2,63,Exceeds expectations
EMP269,2025-12-31,2025-H2,3.3,64,Meets expectations
EMP270,2023-06-30,2023-H1,3.5,78,Strong progress
EMP270,2023-12-31,2023-H2,4.0,77,Exceeds expectations
EMP270,2024-06-30,2024-H1,3.9,70,Meets expectations
EMP270,2024-12-31,2024-H2,4.1,67,Strong progress
EMP270,2025-06-30,2025-H1,4.5,74,Needs support
EMP270,2025-12-31,2025-H2,4.0,66,Meets expectations
EMP271,2023-06-30,2023-H1,2.5,60,Meets expectations
EMP271,2023-12-31,2023-H2,2.8,74,Meets expectations
EMP271,2024-06-30,2024-H1,2.7,56,Meets expectations
EMP271,2024-12-31,2024-H2,3.1,71,Exceeds expectations
EMP271,2025-06-30,2025-H1,3.4,66,Exceeds expectations
EMP271,2025-12-31,2025-H2,2.8,74,Meets expectations
EMP272,2023-06-30,2023-H1,3.9,47,Needs support
EMP272,2023-12-31,2023-H2,3.5,45,Exceeds expectations
EMP272,2024-06-30,2024-H1,3.4,49,Strong progress
EMP272,2024-12-31,2024-H2,3.6,51,Needs support
EMP272,2025-06-30,2025-H1,3.5,49,Exceeds expectations
EMP272,2025-12-31,2025-H2,3.5,56,Needs support
EMP273,2023-06-30,2023-H1,3.7,80,Exceeds expectations
EMP273,2023-12-31,2023-H2,3.2,83,Meets expectations
EMP273,2024-06-30,2024-H1,2.9,86,Needs support
EMP273,2024-12-31,2024-H2,3.2,84,Exceeds expectations
EMP273,2025-06-30,2025-H1,2.9,82,Strong progress
EMP273,2025-12-31,2025-H2,2.7,80,Strong progress
EMP274,2023-06-30,2023-H1,2.9,90,Exceeds expectations
EMP274,2023-12-31,2023-H2,3.1,79,Meets expectations
EMP274,2024-06-30,2024-H1,3.0,86,Meets expectations
EMP274,2024-12-31,2024-H2,2.9,67,Meets expectations
EMP274,2025-06-30,2025-H1,2.8,85,Exceeds expectations
EMP274,2025-12-31,2025-H2,3.3,77,Needs support
EMP275,2023-06-30,2023-H1,2.7,67,Exceeds expectations
EMP275,2023-12-31,2023-H2,2.8,64,Strong progress
EMP275,2024-06-30,2024-H1,3.1,60,Needs support
EMP275,2024-12-31,2024-H2,3.1,56,Strong progress
EMP275,2025-06-30,2025-H1,2.8,61,Exceeds expectations
EMP275,2025-12-31,2025-H2,2.8,63,Needs support
EMP276,2023-06-30,2023-H1,2.7,75,Needs support
EMP276,2023-12-31,2023-H2,3.1,70,Needs support
EMP276,2024-06-30,2024-H1,2.2,71,Exceeds expectations
EMP276,2024-12-31,2024-H2,2.7,70,Needs support
EMP276,2025-06-30,2025-H1,2.8,71,Strong progress
EMP276,2025-12-31,2025-H2,3.4,71,Strong progress
EMP277,2023-06-30,2023-H1,3.5,77,Exceeds expectations
EMP277,2023-12-31,2023-H2,3.0,73,Strong progress
EMP277,2024-06-30,2024-H1,3.5,68,Strong progress
EMP277,2024-12-31,2024-H2,2.9,75,Needs support
EMP277,2025-06-30,2025-H1,3.1,77,Exceeds expectations
EMP277,2025-12-31,2025-H2,2.6,87,Needs support
EMP278,2023-06-30,2023-H1,3.7,73,Needs support
EMP278,2023-12-31,2023-H2,3.8,80,Exceeds expectations
EMP278,2024-06-30,2024-H1,4.1,71,Strong progress
EMP278,2024-12-31,2024-H2,3.9,68,Strong progress
EMP278,2025-06-30,2025-H1,4.6,83,Needs support
EMP278,2025-12-31,2025-H2,4.5,86,Strong progress
EMP279,2023-06-30,2023-H1,3.6,67,Exceeds expectations
EMP279,2023-12-31,2023-H2,3.8,65,Meets expectations
EMP279,2024-06-30,2024-H1,3.3,68,Meets expectations
EMP279,2024-12-31,2024-H2,3.2,67,Strong progress
EMP279,2025-06-30,2025-H1,3.5,78,Exceeds expectations
EMP279,2025-12-31,2025-H2,3.2,70,Needs support
EMP280,2023-06-30,2023-H1,2.3,62,Needs support
EMP280,2023-12-31,2023-H2,2.7,68,Exceeds expectations
EMP280,2024-06-30,2024-H1,2.5,71,Strong progress
EMP280,2024-12-31,2024-H2,3.2,66,Needs support
EMP280,2025-06-30,2025-H1,2.5,65,Strong progress
EMP280,2025-12-31,2025-H2,3.0,53,Strong progress
EMP281,2023-06-30,2023-H1,2.3,80,Meets expectations
EMP281,2023-12-31,2023-H2,2.6,89,Exceeds expectations
EMP281,2024-06-30,2024-H1,2.7,88,Exceeds expectations
EMP281,2024-12-31,2024-H2,2.5,80,Meets expectations
EMP281,2025-06-30,2025-H1,2.8,80,Exceeds expectations
EMP281,2025-12-31,2025-H2,2.7,85,Meets expectations
EMP282,2023-06-30,2023-H1,3.1,79,Exceeds expectations
EMP282,2023-12-31,2023-H2,3.1,80,Exceeds expectations
EMP282,2024-06-30,2024-H1,3.1,88,Needs support
EMP282,2024-12-31,2024-H2,2.9,75,Exceeds expectations
EMP282,2025-06-30,2025-H1,3.1,78,Needs support
EMP282,2025-12-31,2025-H2,3.1,71,Exceeds expectations
EMP283,2023-06-30,2023-H1,2.6,92,Strong progress
EMP283,2023-12-31,2023-H2,2.1,83,Needs support
EMP283,2024-06-30,2024-H1,2.1,85,Strong progress
EMP283,2024-12-31,2024-H2,1.9,73,Strong progress
EMP283,2025-06-30,2025-H1,1.6,83,Strong progress
EMP283,2025-12-31,2025-H2,1.8,82,Strong progress
EMP284,2023-06-30,2023-H1,3.4,80,Exceeds expectations
EMP284,2023-12-31,2023-H2,3.7,75,Exceeds expectations
EMP284,2024-06-30,2024-H1,3.9,83,Strong progress
EMP284,2024-12-31,2024-H2,3.3,81,Exceeds expectations
EMP284,2025-06-30,2025-H1,3.9,64,Needs support
EMP284,2025-12-31,2025-H2,3.8,79,Exceeds expectations
EMP285,2023-06-30,2023-H1,3.6,82,Meets expectations
EMP285,2023-12-31,2023-H2,3.5,83,Strong progress
EMP285,2024-06-30,2024-H1,3.7,70,Exceeds expectations
EMP285,2024-12-31,2024-H2,3.2,75,Exceeds expectations
EMP285,2025-06-30,2025-H1,3.3,82,Meets expectations
EMP285,2025-12-31,2025-H2,3.3,60,Strong progress
EMP286,2023-06-30,2023-H1,3.7,54,Needs support
EMP286,2023-12-31,2023-H2,3.3,60,Needs support
EMP286,2024-06-30,2024-H1,3.0,49,Exceeds expectations
EMP286,2024-12-31,2024-H2,2.9,59,Strong progress
EMP286,2025-06-30,2025-H1,2.8,48,Exceeds expectations
EMP286,2025-12-31,2025-H2,2.7,52,Meets expectations
EMP287,2023-06-30,2023-H1,3.0,80,Strong progress
EMP287,2023-12-31,2023-H2,3.1,84,Strong progress
EMP287,2024-06-30,2024-H1,2.8,73,Needs support
EMP287,2024-12-31,2024-H2,3.2,93,Exceeds expectations
EMP287,2025-06-30,2025-H1,3.2,83,Needs support
EMP287,2025-12-31,2025-H2,3.4,90,Needs support
EMP288,2023-06-30,2023-H1,4.2,62,Strong progress
EMP288,2023-12-31,2023-H2,4.0,67,Meets expectations
EMP288,2024-06-30,2024-H1,4.6,70,Meets expectations
EMP288,2024-12-31,2024-H2,4.8,74,Needs support
EMP288,2025-06-30,2025-H1,4.9,61,Strong progress
EMP288,2025-12-31,2025-H2,4.7,78,Strong progress
EMP289,2023-06-30,2023-H1,3.9,82,Strong progress
EMP289,2023-12-31,2023-H2,4.3,83,Strong progress
EMP289,2024-06-30,2024-H1,4.4,93,Needs support
EMP289,2024-12-31,2024-H2,4.7,85,Meets expectations
EMP289,2025-06-30,2025-H1,5.0,82,Needs support
EMP289,2025-12-31,2025-H2,4.4,89,Needs support
EMP290,2023-06-30,2023-H1,2.7,86,Strong progress
EMP290,2023-12-31,2023-H2,2.8,89,Strong progress
EMP290,2024-06-30,2024-H1,2.9,92,Exceeds expectations
EMP290,2024-12-31,2024-H2,2.7,89,Strong progress
EMP290,2025-06-30,2025-H1,2.4,86,Needs support
EMP290,2025-12-31,2025-H2,2.7,88,Meets expectations
EMP291,2023-06-30,2023-H1,2.9,66,Strong progress
EMP291,2023-12-31,2023-H2,2.6,66,Needs support
EMP291,2024-06-30,2024-H1,2.9,43,Exceeds expectations
EMP291,2024-12-31,2024-H2,2.9,59,Needs support
EMP291,2025-06-30,2025-H1,3.2,52,Exceeds expectations
EMP291,2025-12-31,2025-H2,3.1,54,Exceeds expectations
EMP292,2023-06-30,2023-H1,2.7,53,Strong progress
EMP292,2023-12-31,2023-H2,2.7,62,Exceeds expectations
EMP292,2024-06-30,2024-H1,2.3,60,Needs support
EMP292,2024-12-31,2024-H2,3.0,62,Needs support
EMP292,2025-06-30,2025-H1,2.7,60,Exceeds expectations
EMP292,2025-12-31,2025-H2,2.4,54,Meets expectations
EMP293,2023-06-30,2023-H1,3.5,85,Exceeds expectations
EMP293,2023-12-31,2023-H2,3.7,85,Meets expectations
EMP293,2024-06-30,2024-H1,3.5,92,Exceeds expectations
EMP293,2024-12-31,2024-H2,3.9,78,Needs support
EMP293,2025-06-30,2025-H1,4.3,93,Needs support
EMP293,2025-12-31,2025-H2,3.5,93,Strong progress
EMP294,2023-06-30,2023-H1,2.9,98,Needs support
EMP294,2023-12-31,2023-H2,3.2,84,Strong progress
EMP294,2024-06-30,2024-H1,3.1,86,Exceeds expectations
EMP294,2024-12-31,2024-H2,2.8,94,Meets expectations
EMP294,2025-06-30,2025-H1,2.5,94,Exceeds expectations
EMP294,2025-12-31,2025-H2,2.7,90,Exceeds expectations
EMP295,2023-06-30,2023-H1,3.7,85,Strong progress
EMP295,2023-12-31,2023-H2,3.9,98,Needs support
EMP295,2024-06-30,2024-H1,3.6,81,Needs support
EMP295,2024-12-31,2024-H2,3.8,88,Exceeds expectations
EMP295,2025-06-30,2025-H1,3.8,81,Needs support
EMP295,2025-12-31,2025-H2,4.0,80,Meets expectations
EMP296,2023-06-30,2023-H1,2.5,69,Strong progress
EMP296,2023-12-31,2023-H2,2.3,72,Exceeds expectations
EMP296,2024-06-30,2024-H1,2.3,70,Strong progress
EMP296,2024-12-31,2024-H2,2.1,59,Exceeds expectations
EMP296,2025-06-30,2025-H1,2.2,63,Exceeds expectations
EMP296,2025-12-31,2025-H2,1.7,64,Strong progress
EMP297,2023-06-30,2023-H1,3.0,73,Needs support
EMP297,2023-12-31,2023-H2,3.1,77,Exceeds expectations
EMP297,2024-06-30,2024-H1,3.3,64,Exceeds expectations
EMP297,2024-12-31,2024-H2,3.2,66,Exceeds expectations
EMP297,2025-06-30,2025-H1,2.5,56,Strong progress
EMP297,2025-12-31,2025-H2,3.1,65,Strong progress
EMP298,2023-06-30,2023-H1,3.8,91,Needs support
EMP298,2023-12-31,2023-H2,4.0,100,Exceeds expectations
EMP298,2024-06-30,2024-H1,3.6,78,Exceeds expectations
EMP298,2024-12-31,2024-H2,3.9,90,Exceeds expectations
EMP298,2025-06-30,2025-H1,4.0,91,Needs support
EMP298,2025-12-31,2025-H2,4.2,89,Strong progress
EMP299,2023-06-30,2023-H1,3.2,60,Strong progress
EMP299,2023-12-31,2023-H2,2.5,63,Needs support
EMP299,2024-06-30,2024-H1,3.0,56,Strong progress
EMP299,2024-12-31,2024-H2,3.3,52,Meets expectations
EMP299,2025-06-30,2025-H1,3.3,58,Exceeds expectations
EMP299,2025-12-31,2025-H2,3.2,56,Needs support
EMP300,2023-06-30,2023-H1,2.5,79,Meets expectations
EMP300,2023-12-31,2023-H2,3.5,88,Needs support
EMP300,2024-06-30,2024-H1,3.1,89,Needs support
EMP300,2024-12-31,2024-H2,3.4,67,Exceeds expectations
EMP300,2025-06-30,2025-H1,3.7,83,Exceeds expectations
EMP300,2025-12-31,2025-H2,3.3,74,Needs support
